Frame,Timestamp,ActorID,ActorType,Other_ActorID,Other_ActorType,Distance
2420,112.04167609475553,135,vehicle.lincoln.mkz_2017,0,static.fence,0.0
2421,112.09167609550059,135,vehicle.lincoln.mkz_2017,0,static.fence,0.0
2422,112.14167609624565,135,vehicle.lincoln.mkz_2017,0,static.fence,0.0
2423,112.1916760969907,135,vehicle.lincoln.mkz_2017,0,static.fence,0.0
2424,112.24167609773576,135,vehicle.lincoln.mkz_2017,0,static.fence,0.0
2425,112.29167609848082,135,vehicle.lincoln.mkz_2017,0,static.fence,0.0
2426,112.34167609922588,135,vehicle.lincoln.mkz_2017,0,static.fence,0.0
2427,112.39167609997094,135,vehicle.lincoln.mkz_2017,0,static.fence,0.0
2428,112.441676100716,135,vehicle.lincoln.mkz_2017,0,static.fence,0.0
2429,112.49167610146105,135,vehicle.lincoln.mkz_2017,0,static.fence,0.0
2430,112.54167610220611,135,vehicle.lincoln.mkz_2017,0,static.fence,0.0
2431,112.59167610295117,135,vehicle.lincoln.mkz_2017,0,static.fence,0.0
2432,112.64167610369623,135,vehicle.lincoln.mkz_2017,0,static.fence,0.0
2433,112.69167610444129,135,vehicle.lincoln.mkz_2017,0,static.fence,0.0
2434,112.74167610518634,135,vehicle.lincoln.mkz_2017,0,static.fence,0.0
2435,112.7916761059314,135,vehicle.lincoln.mkz_2017,0,static.fence,0.0
2436,112.84167610667646,135,vehicle.lincoln.mkz_2017,0,static.fence,0.0
2437,112.89167610742152,135,vehicle.lincoln.mkz_2017,0,static.fence,0.0
2438,112.94167610816658,135,vehicle.lincoln.mkz_2017,0,static.fence,0.0
2439,112.99167610891163,135,vehicle.lincoln.mkz_2017,0,static.fence,0.0
2440,113.04167610965669,135,vehicle.lincoln.mkz_2017,0,static.fence,0.0
2441,113.09167611040175,135,vehicle.lincoln.mkz_2017,0,static.fence,0.0
2442,113.14167611114681,135,vehicle.lincoln.mkz_2017,0,static.fence,0.0
2443,113.19167611189187,135,vehicle.lincoln.mkz_2017,0,static.fence,0.0
2444,113.24167611263692,135,vehicle.lincoln.mkz_2017,0,static.fence,0.0
2445,113.29167611338198,135,vehicle.lincoln.mkz_2017,0,static.fence,0.0
2446,113.34167611412704,135,vehicle.lincoln.mkz_2017,0,static.fence,0.0
2447,113.3916761148721,135,vehicle.lincoln.mkz_2017,0,static.fence,0.0
2448,113.44167611561716,135,vehicle.lincoln.mkz_2017,0,static.fence,0.0
2449,113.49167611636221,135,vehicle.lincoln.mkz_2017,0,static.fence,0.0
2450,113.54167611710727,135,vehicle.lincoln.mkz_2017,0,static.fence,0.0
2451,113.59167611785233,135,vehicle.lincoln.mkz_2017,0,static.fence,0.0
2452,113.64167611859739,135,vehicle.lincoln.mkz_2017,0,static.fence,0.0
2453,113.69167611934245,135,vehicle.lincoln.mkz_2017,0,static.fence,0.0
2454,113.7416761200875,135,vehicle.lincoln.mkz_2017,0,static.fence,0.0
2455,113.79167612083256,135,vehicle.lincoln.mkz_2017,0,static.fence,0.0
2456,113.84167612157762,135,vehicle.lincoln.mkz_2017,0,static.fence,0.0
2457,113.89167612232268,135,vehicle.lincoln.mkz_2017,0,static.fence,0.0
2458,113.94167612306774,135,vehicle.lincoln.mkz_2017,0,static.fence,0.0
2459,113.9916761238128,135,vehicle.lincoln.mkz_2017,0,static.fence,0.0
2460,114.04167612455785,135,vehicle.lincoln.mkz_2017,0,static.fence,0.0
2461,114.09167612530291,135,vehicle.lincoln.mkz_2017,0,static.fence,0.0
2462,114.14167612604797,135,vehicle.lincoln.mkz_2017,0,static.fence,0.0
2463,114.19167612679303,135,vehicle.lincoln.mkz_2017,0,static.fence,0.0
2464,114.24167612753808,135,vehicle.lincoln.mkz_2017,0,static.fence,0.0
2465,114.29167612828314,135,vehicle.lincoln.mkz_2017,0,static.fence,0.0
2466,114.3416761290282,135,vehicle.lincoln.mkz_2017,0,static.fence,0.0
2467,114.39167612977326,135,vehicle.lincoln.mkz_2017,0,static.fence,0.0
2468,114.44167613051832,135,vehicle.lincoln.mkz_2017,0,static.fence,0.0
2469,114.49167613126338,135,vehicle.lincoln.mkz_2017,0,static.fence,0.0
2470,114.54167613200843,135,vehicle.lincoln.mkz_2017,0,static.fence,0.0
2471,114.59167613275349,135,vehicle.lincoln.mkz_2017,0,static.fence,0.0
2472,114.64167613349855,135,vehicle.lincoln.mkz_2017,0,static.fence,0.0
2473,114.69167613424361,135,vehicle.lincoln.mkz_2017,0,static.fence,0.0
2474,114.74167613498867,135,vehicle.lincoln.mkz_2017,0,static.fence,0.0
2475,114.79167613573372,135,vehicle.lincoln.mkz_2017,0,static.fence,0.0
2476,114.84167613647878,135,vehicle.lincoln.mkz_2017,0,static.fence,0.0
2477,114.89167613722384,135,vehicle.lincoln.mkz_2017,0,static.fence,0.0
2478,114.9416761379689,135,vehicle.lincoln.mkz_2017,0,static.fence,0.0
2479,114.99167613871396,135,vehicle.lincoln.mkz_2017,0,static.fence,0.0
2480,115.04167613945901,135,vehicle.lincoln.mkz_2017,0,static.fence,0.0
2481,115.09167614020407,135,vehicle.lincoln.mkz_2017,0,static.fence,0.0
2482,115.14167614094913,135,vehicle.lincoln.mkz_2017,0,static.fence,0.0
2483,115.19167614169419,135,vehicle.lincoln.mkz_2017,0,static.fence,0.0
2484,115.24167614243925,135,vehicle.lincoln.mkz_2017,0,static.fence,0.0
2485,115.2916761431843,135,vehicle.lincoln.mkz_2017,0,static.fence,0.0
2486,115.34167614392936,135,vehicle.lincoln.mkz_2017,0,static.fence,0.0
2487,115.39167614467442,135,vehicle.lincoln.mkz_2017,0,static.fence,0.0
2488,115.44167614541948,135,vehicle.lincoln.mkz_2017,0,static.fence,0.0
2489,115.49167614616454,135,vehicle.lincoln.mkz_2017,0,static.fence,0.0
2490,115.5416761469096,135,vehicle.lincoln.mkz_2017,0,static.fence,0.0
2491,115.59167614765465,135,vehicle.lincoln.mkz_2017,0,static.fence,0.0
2492,115.64167614839971,135,vehicle.lincoln.mkz_2017,0,static.fence,0.0
2493,115.69167614914477,135,vehicle.lincoln.mkz_2017,0,static.fence,0.0
2494,115.74167614988983,135,vehicle.lincoln.mkz_2017,0,static.fence,0.0
2495,115.79167615063488,135,vehicle.lincoln.mkz_2017,0,static.fence,0.0
2496,115.84167615137994,135,vehicle.lincoln.mkz_2017,0,static.fence,0.0
2497,115.891676152125,135,vehicle.lincoln.mkz_2017,0,static.fence,0.0
2498,115.94167615287006,135,vehicle.lincoln.mkz_2017,0,static.fence,0.0
2499,115.99167615361512,135,vehicle.lincoln.mkz_2017,0,static.fence,0.0
2500,116.04167615436018,135,vehicle.lincoln.mkz_2017,0,static.fence,0.0
2501,116.09167615510523,135,vehicle.lincoln.mkz_2017,0,static.fence,0.0
2502,116.14167615585029,135,vehicle.lincoln.mkz_2017,0,static.fence,0.0
2503,116.19167615659535,135,vehicle.lincoln.mkz_2017,0,static.fence,0.0
2504,116.24167615734041,135,vehicle.lincoln.mkz_2017,0,static.road,0.0
2505,116.29167615808547,135,vehicle.lincoln.mkz_2017,0,static.road,0.0
2506,116.34167615883052,135,vehicle.lincoln.mkz_2017,0,static.sidewalk,0.0
2507,116.39167615957558,135,vehicle.lincoln.mkz_2017,0,static.sidewalk,0.0
2508,116.44167616032064,135,vehicle.lincoln.mkz_2017,0,static.sidewalk,0.0
2509,116.4916761610657,135,vehicle.lincoln.mkz_2017,0,static.sidewalk,0.0
2510,116.54167616181076,135,vehicle.lincoln.mkz_2017,0,static.sidewalk,0.0
2511,116.59167616255581,135,vehicle.lincoln.mkz_2017,0,static.sidewalk,0.0
2512,116.64167616330087,135,vehicle.lincoln.mkz_2017,0,static.sidewalk,0.0
2513,116.69167616404593,135,vehicle.lincoln.mkz_2017,0,static.sidewalk,0.0
2514,116.74167616479099,135,vehicle.lincoln.mkz_2017,0,static.sidewalk,0.0
2515,116.79167616553605,135,vehicle.lincoln.mkz_2017,0,static.sidewalk,0.0
2516,116.8416761662811,135,vehicle.lincoln.mkz_2017,0,static.sidewalk,0.0
2517,116.89167616702616,135,vehicle.lincoln.mkz_2017,0,static.sidewalk,0.0
2518,116.94167616777122,135,vehicle.lincoln.mkz_2017,0,static.sidewalk,0.0
2519,116.99167616851628,135,vehicle.lincoln.mkz_2017,0,static.sidewalk,0.0
2520,117.04167616926134,135,vehicle.lincoln.mkz_2017,0,static.road,0.0
2521,117.0916761700064,135,vehicle.lincoln.mkz_2017,0,static.road,0.0
2522,117.14167617075145,135,vehicle.lincoln.mkz_2017,0,static.road,0.0
2523,117.19167617149651,135,vehicle.lincoln.mkz_2017,0,static.road,0.0
2524,117.24167617224157,135,vehicle.lincoln.mkz_2017,0,static.road,0.0
2525,117.29167617298663,135,vehicle.lincoln.mkz_2017,0,static.road,0.0
2526,117.34167617373168,135,vehicle.lincoln.mkz_2017,0,static.road,0.0
2527,117.39167617447674,135,vehicle.lincoln.mkz_2017,0,static.road,0.0
2528,117.4416761752218,135,vehicle.lincoln.mkz_2017,0,static.road,0.0
2529,117.49167617596686,135,vehicle.lincoln.mkz_2017,0,static.road,0.0
2530,117.54167617671192,135,vehicle.lincoln.mkz_2017,0,static.road,0.0
2531,117.59167617745697,135,vehicle.lincoln.mkz_2017,0,static.road,0.0
2532,117.64167617820203,135,vehicle.lincoln.mkz_2017,0,static.road,0.0
2533,117.69167617894709,135,vehicle.lincoln.mkz_2017,0,static.road,0.0
2534,117.74167617969215,135,vehicle.lincoln.mkz_2017,0,static.road,0.0
2535,117.79167618043721,135,vehicle.lincoln.mkz_2017,0,static.road,0.0
2536,117.84167618118227,135,vehicle.lincoln.mkz_2017,0,static.road,0.0
2537,117.89167618192732,135,vehicle.lincoln.mkz_2017,0,static.road,0.0
2538,117.94167618267238,135,vehicle.lincoln.mkz_2017,0,static.road,0.0
2539,117.99167618341744,135,vehicle.lincoln.mkz_2017,0,static.road,0.0
2540,118.0416761841625,135,vehicle.lincoln.mkz_2017,0,static.road,0.0
2541,118.09167618490756,135,vehicle.lincoln.mkz_2017,0,static.road,0.0
2542,118.14167618565261,135,vehicle.lincoln.mkz_2017,0,static.road,0.0
2543,118.19167618639767,135,vehicle.lincoln.mkz_2017,0,static.road,0.0
2544,118.24167618714273,135,vehicle.lincoln.mkz_2017,0,static.road,0.0
2545,118.29167618788779,135,vehicle.lincoln.mkz_2017,0,static.road,0.0
2546,118.34167618863285,135,vehicle.lincoln.mkz_2017,0,static.road,0.0
2547,118.3916761893779,135,vehicle.lincoln.mkz_2017,0,static.road,0.0
2548,118.44167619012296,135,vehicle.lincoln.mkz_2017,0,static.road,0.0
2549,118.49167619086802,135,vehicle.lincoln.mkz_2017,0,static.road,0.0
2550,118.54167619161308,135,vehicle.lincoln.mkz_2017,0,static.road,0.0
2551,118.59167619235814,135,vehicle.lincoln.mkz_2017,0,static.road,0.0
2552,118.6416761931032,135,vehicle.lincoln.mkz_2017,0,static.road,0.0
2553,118.69167619384825,135,vehicle.lincoln.mkz_2017,0,static.road,0.0
2554,118.74167619459331,135,vehicle.lincoln.mkz_2017,0,static.road,0.0
2555,118.79167619533837,135,vehicle.lincoln.mkz_2017,0,static.road,0.0
2556,118.84167619608343,135,vehicle.lincoln.mkz_2017,0,static.road,0.0
2557,118.89167619682848,135,vehicle.lincoln.mkz_2017,0,static.road,0.0
2558,118.94167619757354,135,vehicle.lincoln.mkz_2017,0,static.road,0.0
2559,118.9916761983186,135,vehicle.lincoln.mkz_2017,0,static.road,0.0
2560,119.04167619906366,135,vehicle.lincoln.mkz_2017,0,static.road,0.0
2561,119.09167619980872,135,vehicle.lincoln.mkz_2017,0,static.road,0.0
2562,119.14167620055377,135,vehicle.lincoln.mkz_2017,0,static.road,0.0
2563,119.19167620129883,135,vehicle.lincoln.mkz_2017,0,static.road,0.0
2564,119.24167620204389,135,vehicle.lincoln.mkz_2017,0,static.road,0.0
2565,119.29167620278895,135,vehicle.lincoln.mkz_2017,0,static.road,0.0
2566,119.341676203534,135,vehicle.lincoln.mkz_2017,0,static.road,0.0
2567,119.39167620427907,135,vehicle.lincoln.mkz_2017,0,static.road,0.0
2568,119.44167620502412,135,vehicle.lincoln.mkz_2017,0,static.road,0.0
2569,119.49167620576918,135,vehicle.lincoln.mkz_2017,0,static.road,0.0
2570,119.54167620651424,135,vehicle.lincoln.mkz_2017,0,static.road,0.0
2571,119.5916762072593,135,vehicle.lincoln.mkz_2017,0,static.road,0.0
2572,119.64167620800436,135,vehicle.lincoln.mkz_2017,0,static.road,0.0
2573,119.69167620874941,135,vehicle.lincoln.mkz_2017,0,static.road,0.0
2574,119.74167620949447,135,vehicle.lincoln.mkz_2017,0,static.road,0.0
2575,119.79167621023953,135,vehicle.lincoln.mkz_2017,0,static.road,0.0
2576,119.84167621098459,135,vehicle.lincoln.mkz_2017,0,static.road,0.0
2577,119.89167621172965,135,vehicle.lincoln.mkz_2017,0,static.road,0.0
2578,119.9416762124747,135,vehicle.lincoln.mkz_2017,0,static.road,0.0
2579,119.99167621321976,135,vehicle.lincoln.mkz_2017,0,static.sidewalk,0.0
2580,120.04167621396482,135,vehicle.lincoln.mkz_2017,0,static.sidewalk,0.0
2581,120.09167621470988,135,vehicle.lincoln.mkz_2017,0,static.sidewalk,0.0
2582,120.14167621545494,135,vehicle.lincoln.mkz_2017,0,static.road,0.0
2583,120.1916762162,135,vehicle.lincoln.mkz_2017,0,static.sidewalk,0.0
2584,120.24167621694505,135,vehicle.lincoln.mkz_2017,0,static.sidewalk,0.0
2585,120.29167621769011,135,vehicle.lincoln.mkz_2017,0,static.sidewalk,0.0
2586,120.34167621843517,135,vehicle.lincoln.mkz_2017,0,static.sidewalk,0.0
2587,120.39167621918023,135,vehicle.lincoln.mkz_2017,0,static.sidewalk,0.0
2588,120.44167621992528,135,vehicle.lincoln.mkz_2017,0,static.sidewalk,0.0
2589,120.49167622067034,135,vehicle.lincoln.mkz_2017,0,static.sidewalk,0.0
2590,120.5416762214154,135,vehicle.lincoln.mkz_2017,0,static.sidewalk,0.0
2591,120.59167622216046,135,vehicle.lincoln.mkz_2017,0,static.sidewalk,0.0
2592,120.64167622290552,135,vehicle.lincoln.mkz_2017,0,static.sidewalk,0.0
2593,120.69167622365057,135,vehicle.lincoln.mkz_2017,0,static.sidewalk,0.0
2594,120.74167622439563,135,vehicle.lincoln.mkz_2017,0,static.sidewalk,0.0
2595,120.79167622514069,135,vehicle.lincoln.mkz_2017,0,static.road,0.0
2596,120.84167622588575,135,vehicle.lincoln.mkz_2017,0,static.road,0.0
2597,120.8916762266308,135,vehicle.lincoln.mkz_2017,0,static.road,0.0
2598,120.94167622737586,135,vehicle.lincoln.mkz_2017,0,static.road,0.0
2599,120.99167622812092,135,vehicle.lincoln.mkz_2017,0,static.road,0.0
2600,121.04167622886598,135,vehicle.lincoln.mkz_2017,0,static.road,0.0
2601,121.09167622961104,135,vehicle.lincoln.mkz_2017,0,static.road,0.0
2602,121.1416762303561,135,vehicle.lincoln.mkz_2017,0,static.road,0.0
2603,121.19167623110116,135,vehicle.lincoln.mkz_2017,0,static.road,0.0
2604,121.24167623184621,135,vehicle.lincoln.mkz_2017,0,static.road,0.0
2605,121.29167623259127,135,vehicle.lincoln.mkz_2017,0,static.road,0.0
2606,121.34167623333633,135,vehicle.lincoln.mkz_2017,0,static.road,0.0
2607,121.39167623408139,135,vehicle.lincoln.mkz_2017,0,static.sidewalk,0.0
2608,121.44167623482645,135,vehicle.lincoln.mkz_2017,0,static.sidewalk,0.0
2609,121.4916762355715,135,vehicle.lincoln.mkz_2017,0,static.sidewalk,0.0
2610,121.54167623631656,135,vehicle.lincoln.mkz_2017,0,static.sidewalk,0.0
2611,121.59167623706162,135,vehicle.lincoln.mkz_2017,0,static.sidewalk,0.0
2612,121.64167623780668,135,vehicle.lincoln.mkz_2017,0,static.sidewalk,0.0
2613,121.69167623855174,135,vehicle.lincoln.mkz_2017,0,static.sidewalk,0.0
2614,121.7416762392968,135,vehicle.lincoln.mkz_2017,0,static.sidewalk,0.0
2615,121.79167624004185,135,vehicle.lincoln.mkz_2017,0,static.sidewalk,0.0
2616,121.84167624078691,135,vehicle.lincoln.mkz_2017,0,static.road,0.0
2617,121.89167624153197,135,vehicle.lincoln.mkz_2017,0,static.road,0.0
2618,121.94167624227703,135,vehicle.lincoln.mkz_2017,0,static.road,0.0
2619,121.99167624302208,135,vehicle.lincoln.mkz_2017,0,static.road,0.0
2620,122.04167624376714,135,vehicle.lincoln.mkz_2017,0,static.road,0.0
2621,122.0916762445122,135,vehicle.lincoln.mkz_2017,0,static.road,0.0
2622,122.14167624525726,135,vehicle.lincoln.mkz_2017,0,static.road,0.0
2623,122.19167624600232,135,vehicle.lincoln.mkz_2017,0,static.road,0.0
2624,122.24167624674737,135,vehicle.lincoln.mkz_2017,0,static.road,0.0
2625,122.29167624749243,135,vehicle.lincoln.mkz_2017,0,static.road,0.0
2626,122.34167624823749,135,vehicle.lincoln.mkz_2017,0,static.road,0.0
2627,122.39167624898255,135,vehicle.lincoln.mkz_2017,0,static.road,0.0
2628,122.4416762497276,135,vehicle.lincoln.mkz_2017,0,static.road,0.0
2629,122.49167625047266,135,vehicle.lincoln.mkz_2017,0,static.road,0.0
2630,122.54167625121772,135,vehicle.lincoln.mkz_2017,0,static.road,0.0
2631,122.59167625196278,135,vehicle.lincoln.mkz_2017,0,static.road,0.0
2632,122.64167625270784,135,vehicle.lincoln.mkz_2017,0,static.road,0.0
2633,122.6916762534529,135,vehicle.lincoln.mkz_2017,0,static.road,0.0
2634,122.74167625419796,135,vehicle.lincoln.mkz_2017,0,static.road,0.0
2635,122.79167625494301,135,vehicle.lincoln.mkz_2017,0,static.road,0.0
2636,122.84167625568807,135,vehicle.lincoln.mkz_2017,0,static.road,0.0
2637,122.89167625643313,135,vehicle.lincoln.mkz_2017,0,static.road,0.0
2638,122.94167625717819,135,vehicle.lincoln.mkz_2017,0,static.road,0.0
2639,122.99167625792325,135,vehicle.lincoln.mkz_2017,0,static.road,0.0
2640,123.0416762586683,135,vehicle.lincoln.mkz_2017,0,static.road,0.0
2641,123.09167625941336,135,vehicle.lincoln.mkz_2017,0,static.road,0.0
2642,123.14167626015842,135,vehicle.lincoln.mkz_2017,0,static.road,0.0
2643,123.19167626090348,135,vehicle.lincoln.mkz_2017,0,static.road,0.0
2644,123.24167626164854,135,vehicle.lincoln.mkz_2017,0,static.road,0.0
2645,123.2916762623936,135,vehicle.lincoln.mkz_2017,0,static.road,0.0
2646,123.34167626313865,135,vehicle.lincoln.mkz_2017,0,static.road,0.0
2647,123.39167626388371,135,vehicle.lincoln.mkz_2017,0,static.road,0.0
2648,123.44167626462877,135,vehicle.lincoln.mkz_2017,0,static.road,0.0
2649,123.49167626537383,135,vehicle.lincoln.mkz_2017,0,static.road,0.0
2650,123.54167626611888,135,vehicle.lincoln.mkz_2017,0,static.road,0.0
2651,123.59167626686394,135,vehicle.lincoln.mkz_2017,0,static.road,0.0
2652,123.641676267609,135,vehicle.lincoln.mkz_2017,0,static.road,0.0
2653,123.69167626835406,135,vehicle.lincoln.mkz_2017,0,static.road,0.0
2654,123.74167626909912,135,vehicle.lincoln.mkz_2017,0,static.road,0.0
2655,123.79167626984417,135,vehicle.lincoln.mkz_2017,0,static.road,0.0
2656,123.84167627058923,135,vehicle.lincoln.mkz_2017,0,static.road,0.0
2657,123.89167627133429,135,vehicle.lincoln.mkz_2017,0,static.road,0.0
2658,123.94167627207935,135,vehicle.lincoln.mkz_2017,0,static.road,0.0
2659,123.9916762728244,135,vehicle.lincoln.mkz_2017,0,static.road,0.0
2660,124.04167627356946,135,vehicle.lincoln.mkz_2017,0,static.road,0.0
2661,124.09167627431452,135,vehicle.lincoln.mkz_2017,0,static.road,0.0
2662,124.14167627505958,135,vehicle.lincoln.mkz_2017,0,static.road,0.0
2663,124.19167627580464,135,vehicle.lincoln.mkz_2017,0,static.road,0.0
2664,124.2416762765497,135,vehicle.lincoln.mkz_2017,0,static.road,0.0
2665,124.29167627729475,135,vehicle.lincoln.mkz_2017,0,static.road,0.0
2666,124.34167627803981,135,vehicle.lincoln.mkz_2017,0,static.road,0.0
2667,124.39167627878487,135,vehicle.lincoln.mkz_2017,0,static.road,0.0
2668,124.44167627952993,135,vehicle.lincoln.mkz_2017,0,static.road,0.0
2669,124.49167628027499,135,vehicle.lincoln.mkz_2017,0,static.road,0.0
2670,124.54167628102005,135,vehicle.lincoln.mkz_2017,0,static.road,0.0
2671,124.5916762817651,135,vehicle.lincoln.mkz_2017,0,static.road,0.0
2672,124.64167628251016,135,vehicle.lincoln.mkz_2017,0,static.road,0.0
2673,124.69167628325522,135,vehicle.lincoln.mkz_2017,0,static.road,0.0
2674,124.74167628400028,135,vehicle.lincoln.mkz_2017,0,static.road,0.0
2675,124.79167628474534,135,vehicle.lincoln.mkz_2017,0,static.road,0.0
2676,124.8416762854904,135,vehicle.lincoln.mkz_2017,0,static.road,0.0
2677,124.89167628623545,135,vehicle.lincoln.mkz_2017,0,static.road,0.0
2678,124.94167628698051,135,vehicle.lincoln.mkz_2017,0,static.road,0.0
2679,124.99167628772557,135,vehicle.lincoln.mkz_2017,0,static.road,0.0
2680,125.04167628847063,135,vehicle.lincoln.mkz_2017,0,static.road,0.0
2681,125.09167628921568,135,vehicle.lincoln.mkz_2017,0,static.road,0.0
2682,125.14167628996074,135,vehicle.lincoln.mkz_2017,0,static.road,0.0
2683,125.1916762907058,135,vehicle.lincoln.mkz_2017,0,static.road,0.0
2684,125.24167629145086,135,vehicle.lincoln.mkz_2017,0,static.road,0.0
2685,125.29167629219592,135,vehicle.lincoln.mkz_2017,0,static.road,0.0
2686,125.34167629294097,135,vehicle.lincoln.mkz_2017,0,static.road,0.0
2687,125.39167629368603,135,vehicle.lincoln.mkz_2017,0,static.road,0.0
2688,125.44167629443109,135,vehicle.lincoln.mkz_2017,0,static.road,0.0
2689,125.49167629517615,135,vehicle.lincoln.mkz_2017,0,static.road,0.0
2690,125.5416762959212,135,vehicle.lincoln.mkz_2017,0,static.road,0.0
2691,125.59167629666626,135,vehicle.lincoln.mkz_2017,0,static.road,0.0
2692,125.64167629741132,135,vehicle.lincoln.mkz_2017,0,static.road,0.0
2693,125.69167629815638,135,vehicle.lincoln.mkz_2017,0,static.road,0.0
2694,125.74167629890144,135,vehicle.lincoln.mkz_2017,0,static.road,0.0
2695,125.7916762996465,135,vehicle.lincoln.mkz_2017,0,static.road,0.0
2696,125.84167630039155,135,vehicle.lincoln.mkz_2017,0,static.road,0.0
2697,125.89167630113661,135,vehicle.lincoln.mkz_2017,0,static.road,0.0
2698,125.94167630188167,135,vehicle.lincoln.mkz_2017,0,static.road,0.0
2699,125.99167630262673,135,vehicle.lincoln.mkz_2017,0,static.road,0.0
2700,126.04167630337179,135,vehicle.lincoln.mkz_2017,0,static.road,0.0
2701,126.09167630411685,135,vehicle.lincoln.mkz_2017,0,static.road,0.0
2702,126.1416763048619,135,vehicle.lincoln.mkz_2017,0,static.road,0.0
2703,126.19167630560696,135,vehicle.lincoln.mkz_2017,0,static.road,0.0
2704,126.24167630635202,135,vehicle.lincoln.mkz_2017,0,static.road,0.0
2705,126.29167630709708,135,vehicle.lincoln.mkz_2017,0,static.building,0.0
2706,126.34167630784214,135,vehicle.lincoln.mkz_2017,0,static.building,0.0
2707,126.3916763085872,135,vehicle.lincoln.mkz_2017,0,static.building,0.0
2708,126.44167630933225,135,vehicle.lincoln.mkz_2017,0,static.building,0.0
2709,126.49167631007731,135,vehicle.lincoln.mkz_2017,0,static.building,0.0
2710,126.54167631082237,135,vehicle.lincoln.mkz_2017,0,static.building,0.0
2711,126.59167631156743,135,vehicle.lincoln.mkz_2017,0,static.building,0.0
2712,126.64167631231248,135,vehicle.lincoln.mkz_2017,0,static.building,0.0
2713,126.69167631305754,135,vehicle.lincoln.mkz_2017,0,static.building,0.0
2714,126.7416763138026,135,vehicle.lincoln.mkz_2017,0,static.building,0.0
2715,126.79167631454766,135,vehicle.lincoln.mkz_2017,0,static.building,0.0
2716,126.84167631529272,135,vehicle.lincoln.mkz_2017,0,static.building,0.0
2717,126.89167631603777,135,vehicle.lincoln.mkz_2017,0,static.building,0.0
2718,126.94167631678283,135,vehicle.lincoln.mkz_2017,0,static.building,0.0
2719,126.99167631752789,135,vehicle.lincoln.mkz_2017,0,static.building,0.0
2720,127.04167631827295,135,vehicle.lincoln.mkz_2017,0,static.building,0.0
2721,127.091676319018,135,vehicle.lincoln.mkz_2017,0,static.building,0.0
2722,127.14167631976306,135,vehicle.lincoln.mkz_2017,0,static.building,0.0
2723,127.19167632050812,135,vehicle.lincoln.mkz_2017,0,static.building,0.0
2724,127.24167632125318,135,vehicle.lincoln.mkz_2017,0,static.building,0.0
2725,127.29167632199824,135,vehicle.lincoln.mkz_2017,0,static.building,0.0
2726,127.3416763227433,135,vehicle.lincoln.mkz_2017,0,static.building,0.0
2727,127.39167632348835,135,vehicle.lincoln.mkz_2017,0,static.building,0.0
2728,127.44167632423341,135,vehicle.lincoln.mkz_2017,0,static.building,0.0
2729,127.49167632497847,135,vehicle.lincoln.mkz_2017,0,static.building,0.0
2730,127.54167632572353,135,vehicle.lincoln.mkz_2017,0,static.building,0.0
2731,127.59167632646859,135,vehicle.lincoln.mkz_2017,0,static.building,0.0
2732,127.64167632721364,135,vehicle.lincoln.mkz_2017,0,static.building,0.0
2733,127.6916763279587,135,vehicle.lincoln.mkz_2017,0,static.building,0.0
2734,127.74167632870376,135,vehicle.lincoln.mkz_2017,0,static.building,0.0
2735,127.79167632944882,135,vehicle.lincoln.mkz_2017,0,static.building,0.0
2736,127.84167633019388,135,vehicle.lincoln.mkz_2017,0,static.building,0.0
2737,127.89167633093894,135,vehicle.lincoln.mkz_2017,0,static.building,0.0
2738,127.941676331684,135,vehicle.lincoln.mkz_2017,0,static.building,0.0
2739,127.99167633242905,135,vehicle.lincoln.mkz_2017,0,static.building,0.0
2740,128.0416763331741,135,vehicle.lincoln.mkz_2017,0,static.building,0.0
2741,128.09167633391917,135,vehicle.lincoln.mkz_2017,0,static.building,0.0
2742,128.14167633466423,135,vehicle.lincoln.mkz_2017,0,static.building,0.0
2743,128.19167633540928,135,vehicle.lincoln.mkz_2017,0,static.building,0.0
2744,128.24167633615434,135,vehicle.lincoln.mkz_2017,0,static.building,0.0
2745,128.2916763368994,135,vehicle.lincoln.mkz_2017,0,static.building,0.0
2746,128.34167633764446,135,vehicle.lincoln.mkz_2017,0,static.building,0.0
2747,128.39167633838952,135,vehicle.lincoln.mkz_2017,0,static.building,0.0
2748,128.44167633913457,135,vehicle.lincoln.mkz_2017,0,static.building,0.0
2749,128.49167633987963,135,vehicle.lincoln.mkz_2017,0,static.building,0.0
2750,128.5416763406247,135,vehicle.lincoln.mkz_2017,0,static.building,0.0
2751,128.59167634136975,135,vehicle.lincoln.mkz_2017,0,static.building,0.0
2752,128.6416763421148,135,vehicle.lincoln.mkz_2017,0,static.building,0.0
2753,128.69167634285986,135,vehicle.lincoln.mkz_2017,0,static.building,0.0
2754,128.74167634360492,135,vehicle.lincoln.mkz_2017,0,static.building,0.0
2755,128.79167634434998,135,vehicle.lincoln.mkz_2017,0,static.building,0.0
2756,128.84167634509504,135,vehicle.lincoln.mkz_2017,0,static.building,0.0
2757,128.8916763458401,135,vehicle.lincoln.mkz_2017,0,static.building,0.0
2758,128.94167634658515,135,vehicle.lincoln.mkz_2017,0,static.building,0.0
2759,128.9916763473302,135,vehicle.lincoln.mkz_2017,0,static.building,0.0
2760,129.04167634807527,135,vehicle.lincoln.mkz_2017,0,static.building,0.0
2761,129.09167634882033,135,vehicle.lincoln.mkz_2017,0,static.building,0.0
2762,129.1416763495654,135,vehicle.lincoln.mkz_2017,0,static.building,0.0
2763,129.19167635031044,135,vehicle.lincoln.mkz_2017,0,static.building,0.0
2764,129.2416763510555,135,vehicle.lincoln.mkz_2017,0,static.building,0.0
2765,129.29167635180056,135,vehicle.lincoln.mkz_2017,0,static.building,0.0
2766,129.34167635254562,135,vehicle.lincoln.mkz_2017,0,static.building,0.0
2767,129.39167635329068,135,vehicle.lincoln.mkz_2017,0,static.building,0.0
2768,129.44167635403574,135,vehicle.lincoln.mkz_2017,0,static.building,0.0
2769,129.4916763547808,135,vehicle.lincoln.mkz_2017,0,static.building,0.0
2770,129.54167635552585,135,vehicle.lincoln.mkz_2017,0,static.building,0.0
2771,129.5916763562709,135,vehicle.lincoln.mkz_2017,0,static.building,0.0
2772,129.64167635701597,135,vehicle.lincoln.mkz_2017,0,static.building,0.0
2773,129.69167635776103,135,vehicle.lincoln.mkz_2017,0,static.building,0.0
2774,129.74167635850608,135,vehicle.lincoln.mkz_2017,0,static.building,0.0
2775,129.79167635925114,135,vehicle.lincoln.mkz_2017,0,static.building,0.0
2776,129.8416763599962,135,vehicle.lincoln.mkz_2017,0,static.building,0.0
2777,129.89167636074126,135,vehicle.lincoln.mkz_2017,0,static.building,0.0
2778,129.94167636148632,135,vehicle.lincoln.mkz_2017,0,static.building,0.0
2779,129.99167636223137,135,vehicle.lincoln.mkz_2017,0,static.building,0.0
2780,130.04167636297643,135,vehicle.lincoln.mkz_2017,0,static.building,0.0
2781,130.0916763637215,135,vehicle.lincoln.mkz_2017,0,static.building,0.0
2782,130.14167636446655,135,vehicle.lincoln.mkz_2017,0,static.building,0.0
2783,130.1916763652116,135,vehicle.lincoln.mkz_2017,0,static.building,0.0
2784,130.24167636595666,135,vehicle.lincoln.mkz_2017,0,static.building,0.0
2785,130.29167636670172,135,vehicle.lincoln.mkz_2017,0,static.building,0.0
2786,130.34167636744678,135,vehicle.lincoln.mkz_2017,0,static.building,0.0
2787,130.39167636819184,135,vehicle.lincoln.mkz_2017,0,static.building,0.0
2788,130.4416763689369,135,vehicle.lincoln.mkz_2017,0,static.building,0.0
2789,130.49167636968195,135,vehicle.lincoln.mkz_2017,0,static.building,0.0
2790,130.541676370427,135,vehicle.lincoln.mkz_2017,0,static.building,0.0
2791,130.59167637117207,135,vehicle.lincoln.mkz_2017,0,static.building,0.0
2792,130.64167637191713,135,vehicle.lincoln.mkz_2017,0,static.building,0.0
2793,130.6916763726622,135,vehicle.lincoln.mkz_2017,0,static.building,0.0
2794,130.74167637340724,135,vehicle.lincoln.mkz_2017,0,static.building,0.0
2795,130.7916763741523,135,vehicle.lincoln.mkz_2017,0,static.building,0.0
2796,130.84167637489736,135,vehicle.lincoln.mkz_2017,0,static.building,0.0
2797,130.89167637564242,135,vehicle.lincoln.mkz_2017,0,static.building,0.0
2798,130.94167637638748,135,vehicle.lincoln.mkz_2017,0,static.building,0.0
2799,130.99167637713253,135,vehicle.lincoln.mkz_2017,0,static.building,0.0
2800,131.0416763778776,135,vehicle.lincoln.mkz_2017,0,static.building,0.0
2801,131.09167637862265,135,vehicle.lincoln.mkz_2017,0,static.building,0.0
2802,131.1416763793677,135,vehicle.lincoln.mkz_2017,0,static.building,0.0
2803,131.19167638011277,135,vehicle.lincoln.mkz_2017,0,static.building,0.0
2804,131.24167638085783,135,vehicle.lincoln.mkz_2017,0,static.building,0.0
2805,131.29167638160288,135,vehicle.lincoln.mkz_2017,0,static.building,0.0
2806,131.34167638234794,135,vehicle.lincoln.mkz_2017,0,static.building,0.0
2807,131.391676383093,135,vehicle.lincoln.mkz_2017,0,static.building,0.0
2808,131.44167638383806,135,vehicle.lincoln.mkz_2017,0,static.building,0.0
2809,131.49167638458312,135,vehicle.lincoln.mkz_2017,0,static.building,0.0
2810,131.54167638532817,135,vehicle.lincoln.mkz_2017,0,static.building,0.0
2811,131.59167638607323,135,vehicle.lincoln.mkz_2017,0,static.building,0.0
2812,131.6416763868183,135,vehicle.lincoln.mkz_2017,0,static.building,0.0
2813,131.69167638756335,135,vehicle.lincoln.mkz_2017,0,static.building,0.0
2814,131.7416763883084,135,vehicle.lincoln.mkz_2017,0,static.building,0.0
2815,131.79167638905346,135,vehicle.lincoln.mkz_2017,0,static.building,0.0
2816,131.84167638979852,135,vehicle.lincoln.mkz_2017,0,static.building,0.0
2817,131.89167639054358,135,vehicle.lincoln.mkz_2017,0,static.building,0.0
2818,131.94167639128864,135,vehicle.lincoln.mkz_2017,0,static.building,0.0
2819,131.9916763920337,135,vehicle.lincoln.mkz_2017,0,static.building,0.0
2820,132.04167639277875,135,vehicle.lincoln.mkz_2017,0,static.building,0.0
2821,132.0916763935238,135,vehicle.lincoln.mkz_2017,0,static.building,0.0
2822,132.14167639426887,135,vehicle.lincoln.mkz_2017,0,static.building,0.0
2823,132.19167639501393,135,vehicle.lincoln.mkz_2017,0,static.building,0.0
2824,132.241676395759,135,vehicle.lincoln.mkz_2017,0,static.building,0.0
2825,132.29167639650404,135,vehicle.lincoln.mkz_2017,0,static.building,0.0
2826,132.3416763972491,135,vehicle.lincoln.mkz_2017,0,static.building,0.0
2827,132.39167639799416,135,vehicle.lincoln.mkz_2017,0,static.building,0.0
2828,132.44167639873922,135,vehicle.lincoln.mkz_2017,0,static.building,0.0
2829,132.49167639948428,135,vehicle.lincoln.mkz_2017,0,static.building,0.0
2830,132.54167640022933,135,vehicle.lincoln.mkz_2017,0,static.building,0.0
2831,132.5916764009744,135,vehicle.lincoln.mkz_2017,0,static.building,0.0
2832,132.64167640171945,135,vehicle.lincoln.mkz_2017,0,static.building,0.0
2833,132.6916764024645,135,vehicle.lincoln.mkz_2017,0,static.building,0.0
2834,132.74167640320957,135,vehicle.lincoln.mkz_2017,0,static.building,0.0
2835,132.79167640395463,135,vehicle.lincoln.mkz_2017,0,static.building,0.0
2836,132.84167640469968,135,vehicle.lincoln.mkz_2017,0,static.building,0.0
2837,132.89167640544474,135,vehicle.lincoln.mkz_2017,0,static.building,0.0
2838,132.9416764061898,135,vehicle.lincoln.mkz_2017,0,static.building,0.0
2839,132.99167640693486,135,vehicle.lincoln.mkz_2017,0,static.building,0.0
2840,133.04167640767992,135,vehicle.lincoln.mkz_2017,0,static.building,0.0
2841,133.09167640842497,135,vehicle.lincoln.mkz_2017,0,static.building,0.0
2842,133.14167640917003,135,vehicle.lincoln.mkz_2017,0,static.building,0.0
2843,133.1916764099151,135,vehicle.lincoln.mkz_2017,0,static.building,0.0
2844,133.24167641066015,135,vehicle.lincoln.mkz_2017,0,static.building,0.0
2845,133.2916764114052,135,vehicle.lincoln.mkz_2017,0,static.building,0.0
2846,133.34167641215026,135,vehicle.lincoln.mkz_2017,0,static.building,0.0
2847,133.39167641289532,135,vehicle.lincoln.mkz_2017,0,static.building,0.0
2848,133.44167641364038,135,vehicle.lincoln.mkz_2017,0,static.building,0.0
2849,133.49167641438544,135,vehicle.lincoln.mkz_2017,0,static.building,0.0
2850,133.5416764151305,135,vehicle.lincoln.mkz_2017,0,static.building,0.0
2851,133.59167641587555,135,vehicle.lincoln.mkz_2017,0,static.building,0.0
2852,133.6416764166206,135,vehicle.lincoln.mkz_2017,0,static.building,0.0
2853,133.69167641736567,135,vehicle.lincoln.mkz_2017,0,static.building,0.0
2854,133.74167641811073,135,vehicle.lincoln.mkz_2017,0,static.building,0.0
2855,133.7916764188558,135,vehicle.lincoln.mkz_2017,0,static.building,0.0
2856,133.84167641960084,135,vehicle.lincoln.mkz_2017,0,static.building,0.0
2857,133.8916764203459,135,vehicle.lincoln.mkz_2017,0,static.building,0.0
2858,133.94167642109096,135,vehicle.lincoln.mkz_2017,0,static.building,0.0
2859,133.99167642183602,135,vehicle.lincoln.mkz_2017,0,static.building,0.0
2860,134.04167642258108,135,vehicle.lincoln.mkz_2017,0,static.building,0.0
2861,134.09167642332613,135,vehicle.lincoln.mkz_2017,0,static.building,0.0
2862,134.1416764240712,135,vehicle.lincoln.mkz_2017,0,static.building,0.0
2863,134.19167642481625,135,vehicle.lincoln.mkz_2017,0,static.building,0.0
2864,134.2416764255613,135,vehicle.lincoln.mkz_2017,0,static.building,0.0
2865,134.29167642630637,135,vehicle.lincoln.mkz_2017,0,static.building,0.0
2866,134.34167642705142,135,vehicle.lincoln.mkz_2017,0,static.building,0.0
2867,134.39167642779648,135,vehicle.lincoln.mkz_2017,0,static.building,0.0
2868,134.44167642854154,135,vehicle.lincoln.mkz_2017,0,static.building,0.0
2869,134.4916764292866,135,vehicle.lincoln.mkz_2017,0,static.building,0.0
2870,134.54167643003166,135,vehicle.lincoln.mkz_2017,0,static.building,0.0
2871,134.59167643077672,135,vehicle.lincoln.mkz_2017,0,static.building,0.0
2872,134.64167643152177,135,vehicle.lincoln.mkz_2017,0,static.building,0.0
2873,134.69167643226683,135,vehicle.lincoln.mkz_2017,0,static.building,0.0
2874,134.7416764330119,135,vehicle.lincoln.mkz_2017,0,static.building,0.0
2875,134.79167643375695,135,vehicle.lincoln.mkz_2017,0,static.building,0.0
2876,134.841676434502,135,vehicle.lincoln.mkz_2017,0,static.building,0.0
2877,134.89167643524706,135,vehicle.lincoln.mkz_2017,0,static.building,0.0
2878,134.94167643599212,135,vehicle.lincoln.mkz_2017,0,static.building,0.0
2879,134.99167643673718,135,vehicle.lincoln.mkz_2017,0,static.building,0.0
2880,135.04167643748224,135,vehicle.lincoln.mkz_2017,0,static.building,0.0
2881,135.0916764382273,135,vehicle.lincoln.mkz_2017,0,static.building,0.0
2882,135.14167643897235,135,vehicle.lincoln.mkz_2017,0,static.building,0.0
2883,135.1916764397174,135,vehicle.lincoln.mkz_2017,0,static.building,0.0
2884,135.24167644046247,135,vehicle.lincoln.mkz_2017,0,static.building,0.0
2885,135.29167644120753,135,vehicle.lincoln.mkz_2017,0,static.building,0.0
2886,135.3416764419526,135,vehicle.lincoln.mkz_2017,0,static.building,0.0
2887,135.39167644269764,135,vehicle.lincoln.mkz_2017,0,static.building,0.0
2888,135.4416764434427,135,vehicle.lincoln.mkz_2017,0,static.building,0.0
2889,135.49167644418776,135,vehicle.lincoln.mkz_2017,0,static.building,0.0
2890,135.54167644493282,135,vehicle.lincoln.mkz_2017,0,static.building,0.0
2891,135.59167644567788,135,vehicle.lincoln.mkz_2017,0,static.building,0.0
2892,135.64167644642293,135,vehicle.lincoln.mkz_2017,0,static.building,0.0
2893,135.691676447168,135,vehicle.lincoln.mkz_2017,0,static.building,0.0
2894,135.74167644791305,135,vehicle.lincoln.mkz_2017,0,static.building,0.0
2895,135.7916764486581,135,vehicle.lincoln.mkz_2017,0,static.building,0.0
2896,135.84167644940317,135,vehicle.lincoln.mkz_2017,0,static.building,0.0
2897,135.89167645014822,135,vehicle.lincoln.mkz_2017,0,static.building,0.0
2898,135.94167645089328,135,vehicle.lincoln.mkz_2017,0,static.building,0.0
2899,135.99167645163834,135,vehicle.lincoln.mkz_2017,0,static.building,0.0
2900,136.0416764523834,135,vehicle.lincoln.mkz_2017,0,static.building,0.0
2901,136.09167645312846,135,vehicle.lincoln.mkz_2017,0,static.building,0.0
2902,136.14167645387352,135,vehicle.lincoln.mkz_2017,0,static.building,0.0
2903,136.19167645461857,135,vehicle.lincoln.mkz_2017,0,static.building,0.0
2904,136.24167645536363,135,vehicle.lincoln.mkz_2017,0,static.building,0.0
2905,136.2916764561087,135,vehicle.lincoln.mkz_2017,0,static.building,0.0
2906,136.34167645685375,135,vehicle.lincoln.mkz_2017,0,static.building,0.0
2907,136.3916764575988,135,vehicle.lincoln.mkz_2017,0,static.building,0.0
2908,136.44167645834386,135,vehicle.lincoln.mkz_2017,0,static.building,0.0
2909,136.49167645908892,135,vehicle.lincoln.mkz_2017,0,static.building,0.0
2910,136.54167645983398,135,vehicle.lincoln.mkz_2017,0,static.building,0.0
2911,136.59167646057904,135,vehicle.lincoln.mkz_2017,0,static.building,0.0
2912,136.6416764613241,135,vehicle.lincoln.mkz_2017,0,static.building,0.0
2913,136.69167646206915,135,vehicle.lincoln.mkz_2017,0,static.building,0.0
2914,136.7416764628142,135,vehicle.lincoln.mkz_2017,0,static.building,0.0
2915,136.79167646355927,135,vehicle.lincoln.mkz_2017,0,static.building,0.0
2916,136.84167646430433,135,vehicle.lincoln.mkz_2017,0,static.building,0.0
2917,136.8916764650494,135,vehicle.lincoln.mkz_2017,0,static.building,0.0
2918,136.94167646579444,135,vehicle.lincoln.mkz_2017,0,static.building,0.0
2919,136.9916764665395,135,vehicle.lincoln.mkz_2017,0,static.building,0.0
2920,137.04167646728456,135,vehicle.lincoln.mkz_2017,0,static.building,0.0
2921,137.09167646802962,135,vehicle.lincoln.mkz_2017,0,static.building,0.0
2922,137.14167646877468,135,vehicle.lincoln.mkz_2017,0,static.building,0.0
2923,137.19167646951973,135,vehicle.lincoln.mkz_2017,0,static.building,0.0
2924,137.2416764702648,135,vehicle.lincoln.mkz_2017,0,static.building,0.0
2925,137.29167647100985,135,vehicle.lincoln.mkz_2017,0,static.building,0.0
2926,137.3416764717549,135,vehicle.lincoln.mkz_2017,0,static.building,0.0
2927,137.39167647249997,135,vehicle.lincoln.mkz_2017,0,static.building,0.0
2928,137.44167647324502,135,vehicle.lincoln.mkz_2017,0,static.building,0.0
2929,137.49167647399008,135,vehicle.lincoln.mkz_2017,0,static.building,0.0
2930,137.54167647473514,135,vehicle.lincoln.mkz_2017,0,static.building,0.0
2931,137.5916764754802,135,vehicle.lincoln.mkz_2017,0,static.building,0.0
2932,137.64167647622526,135,vehicle.lincoln.mkz_2017,0,static.building,0.0
2933,137.69167647697031,135,vehicle.lincoln.mkz_2017,0,static.building,0.0
2934,137.74167647771537,135,vehicle.lincoln.mkz_2017,0,static.building,0.0
2935,137.79167647846043,135,vehicle.lincoln.mkz_2017,0,static.building,0.0
2936,137.8416764792055,135,vehicle.lincoln.mkz_2017,0,static.building,0.0
2937,137.89167647995055,135,vehicle.lincoln.mkz_2017,0,static.building,0.0
2938,137.9416764806956,135,vehicle.lincoln.mkz_2017,0,static.building,0.0
2939,137.99167648144066,135,vehicle.lincoln.mkz_2017,0,static.building,0.0
2940,138.04167648218572,135,vehicle.lincoln.mkz_2017,0,static.building,0.0
2941,138.09167648293078,135,vehicle.lincoln.mkz_2017,0,static.building,0.0
2942,138.14167648367584,135,vehicle.lincoln.mkz_2017,0,static.building,0.0
2943,138.1916764844209,135,vehicle.lincoln.mkz_2017,0,static.building,0.0
2944,138.24167648516595,135,vehicle.lincoln.mkz_2017,0,static.building,0.0
2945,138.291676485911,135,vehicle.lincoln.mkz_2017,0,static.building,0.0
2946,138.34167648665607,135,vehicle.lincoln.mkz_2017,0,static.building,0.0
2947,138.39167648740113,135,vehicle.lincoln.mkz_2017,0,static.building,0.0
2948,138.4416764881462,135,vehicle.lincoln.mkz_2017,0,static.building,0.0
2949,138.49167648889124,135,vehicle.lincoln.mkz_2017,0,static.building,0.0
2950,138.5416764896363,135,vehicle.lincoln.mkz_2017,0,static.building,0.0
2951,138.59167649038136,135,vehicle.lincoln.mkz_2017,0,static.building,0.0
2952,138.64167649112642,135,vehicle.lincoln.mkz_2017,0,static.building,0.0
2953,138.69167649187148,135,vehicle.lincoln.mkz_2017,0,static.building,0.0
2954,138.74167649261653,135,vehicle.lincoln.mkz_2017,0,static.building,0.0
2955,138.7916764933616,135,vehicle.lincoln.mkz_2017,0,static.building,0.0
2956,138.84167649410665,135,vehicle.lincoln.mkz_2017,0,static.building,0.0
2957,138.8916764948517,135,vehicle.lincoln.mkz_2017,0,static.building,0.0
2958,138.94167649559677,135,vehicle.lincoln.mkz_2017,0,static.building,0.0
2959,138.99167649634182,135,vehicle.lincoln.mkz_2017,0,static.building,0.0
2960,139.04167649708688,135,vehicle.lincoln.mkz_2017,0,static.sidewalk,0.0
2961,139.09167649783194,135,vehicle.lincoln.mkz_2017,0,static.sidewalk,0.0
2962,139.141676498577,135,vehicle.lincoln.mkz_2017,0,static.sidewalk,0.0
2963,139.19167649932206,135,vehicle.lincoln.mkz_2017,0,static.sidewalk,0.0
2964,139.24167650006711,135,vehicle.lincoln.mkz_2017,0,static.sidewalk,0.0
2965,139.29167650081217,135,vehicle.lincoln.mkz_2017,0,static.sidewalk,0.0
2966,139.34167650155723,135,vehicle.lincoln.mkz_2017,0,static.sidewalk,0.0
2967,139.3916765023023,135,vehicle.lincoln.mkz_2017,0,static.sidewalk,0.0
2968,139.44167650304735,135,vehicle.lincoln.mkz_2017,0,static.sidewalk,0.0
2969,139.4916765037924,135,vehicle.lincoln.mkz_2017,0,static.sidewalk,0.0
2970,139.54167650453746,135,vehicle.lincoln.mkz_2017,0,static.sidewalk,0.0
2971,139.59167650528252,135,vehicle.lincoln.mkz_2017,0,static.sidewalk,0.0
2972,139.64167650602758,135,vehicle.lincoln.mkz_2017,0,static.sidewalk,0.0
2973,139.69167650677264,135,vehicle.lincoln.mkz_2017,0,static.fence,0.0
2974,139.7416765075177,135,vehicle.lincoln.mkz_2017,0,static.fence,0.0
2975,139.79167650826275,135,vehicle.lincoln.mkz_2017,0,static.fence,0.0
2976,139.8416765090078,135,vehicle.lincoln.mkz_2017,0,static.fence,0.0
2977,139.89167650975287,135,vehicle.lincoln.mkz_2017,0,static.fence,0.0
2978,139.94167651049793,135,vehicle.lincoln.mkz_2017,0,static.fence,0.0
2979,139.99167651124299,135,vehicle.lincoln.mkz_2017,0,static.fence,0.0
2980,140.04167651198804,135,vehicle.lincoln.mkz_2017,0,static.fence,0.0
2981,140.0916765127331,135,vehicle.lincoln.mkz_2017,0,static.fence,0.0
2982,140.14167651347816,135,vehicle.lincoln.mkz_2017,0,static.fence,0.0
2983,140.19167651422322,135,vehicle.lincoln.mkz_2017,0,static.fence,0.0
2984,140.24167651496828,135,vehicle.lincoln.mkz_2017,0,static.fence,0.0
2985,140.29167651571333,135,vehicle.lincoln.mkz_2017,0,static.fence,0.0
2986,140.3416765164584,135,vehicle.lincoln.mkz_2017,0,static.fence,0.0
2987,140.39167651720345,135,vehicle.lincoln.mkz_2017,0,static.fence,0.0
2988,140.4416765179485,135,vehicle.lincoln.mkz_2017,0,static.fence,0.0
2989,140.49167651869357,135,vehicle.lincoln.mkz_2017,0,static.fence,0.0
2990,140.54167651943862,135,vehicle.lincoln.mkz_2017,0,static.fence,0.0
2991,140.59167652018368,135,vehicle.lincoln.mkz_2017,0,static.fence,0.0
2992,140.64167652092874,135,vehicle.lincoln.mkz_2017,0,static.fence,0.0
2993,140.6916765216738,135,vehicle.lincoln.mkz_2017,0,static.fence,0.0
2994,140.74167652241886,135,vehicle.lincoln.mkz_2017,0,static.fence,0.0
2995,140.79167652316391,135,vehicle.lincoln.mkz_2017,0,static.fence,0.0
2996,140.84167652390897,135,vehicle.lincoln.mkz_2017,0,static.fence,0.0
2997,140.89167652465403,135,vehicle.lincoln.mkz_2017,0,static.fence,0.0
2998,140.9416765253991,135,vehicle.lincoln.mkz_2017,0,static.fence,0.0
2999,140.99167652614415,135,vehicle.lincoln.mkz_2017,0,static.fence,0.0
3000,141.0416765268892,135,vehicle.lincoln.mkz_2017,0,static.ground,0.0
3001,141.09167652763426,135,vehicle.lincoln.mkz_2017,0,static.ground,0.0
3002,141.14167652837932,135,vehicle.lincoln.mkz_2017,0,static.ground,0.0
3003,141.19167652912438,135,vehicle.lincoln.mkz_2017,0,static.ground,0.0
3004,141.24167652986944,135,vehicle.lincoln.mkz_2017,0,static.ground,0.0
3005,141.2916765306145,135,vehicle.lincoln.mkz_2017,0,static.ground,0.0
3006,141.34167653135955,135,vehicle.lincoln.mkz_2017,0,static.ground,0.0
3007,141.3916765321046,135,vehicle.lincoln.mkz_2017,0,static.ground,0.0
3008,141.44167653284967,135,vehicle.lincoln.mkz_2017,0,static.ground,0.0
3009,141.49167653359473,135,vehicle.lincoln.mkz_2017,0,static.ground,0.0
3010,141.54167653433979,135,vehicle.lincoln.mkz_2017,0,static.ground,0.0
3011,141.59167653508484,135,vehicle.lincoln.mkz_2017,0,static.ground,0.0
3012,141.6416765358299,135,vehicle.lincoln.mkz_2017,0,static.ground,0.0
3013,141.69167653657496,135,vehicle.lincoln.mkz_2017,0,static.ground,0.0
3014,141.74167653732002,135,vehicle.lincoln.mkz_2017,0,static.ground,0.0
3015,141.79167653806508,135,vehicle.lincoln.mkz_2017,0,static.ground,0.0
3016,141.84167653881013,135,vehicle.lincoln.mkz_2017,0,static.ground,0.0
3017,141.8916765395552,135,vehicle.lincoln.mkz_2017,0,static.ground,0.0
3018,141.94167654030025,135,vehicle.lincoln.mkz_2017,0,static.ground,0.0
3019,141.9916765410453,135,vehicle.lincoln.mkz_2017,0,static.ground,0.0
3020,142.04167654179037,135,vehicle.lincoln.mkz_2017,0,static.ground,0.0
3021,142.09167654253542,135,vehicle.lincoln.mkz_2017,0,static.ground,0.0
3022,142.14167654328048,135,vehicle.lincoln.mkz_2017,0,static.ground,0.0
3023,142.19167654402554,135,vehicle.lincoln.mkz_2017,0,static.ground,0.0
3024,142.2416765447706,135,vehicle.lincoln.mkz_2017,0,static.ground,0.0
3025,142.29167654551566,135,vehicle.lincoln.mkz_2017,0,static.ground,0.0
3026,142.34167654626071,135,vehicle.lincoln.mkz_2017,0,static.ground,0.0
3027,142.39167654700577,135,vehicle.lincoln.mkz_2017,0,static.ground,0.0
3028,142.44167654775083,135,vehicle.lincoln.mkz_2017,0,static.ground,0.0
3029,142.4916765484959,135,vehicle.lincoln.mkz_2017,0,static.ground,0.0
3030,142.54167654924095,135,vehicle.lincoln.mkz_2017,0,static.ground,0.0
3031,142.591676549986,135,vehicle.lincoln.mkz_2017,0,static.ground,0.0
3032,142.64167655073106,135,vehicle.lincoln.mkz_2017,0,static.ground,0.0
3033,142.69167655147612,135,vehicle.lincoln.mkz_2017,0,static.ground,0.0
3034,142.74167655222118,135,vehicle.lincoln.mkz_2017,0,static.ground,0.0
3035,142.79167655296624,135,vehicle.lincoln.mkz_2017,0,static.ground,0.0
3036,142.8416765537113,135,vehicle.lincoln.mkz_2017,0,static.ground,0.0
3037,142.89167655445635,135,vehicle.lincoln.mkz_2017,0,static.ground,0.0
3038,142.9416765552014,135,vehicle.lincoln.mkz_2017,0,static.ground,0.0
3039,142.99167655594647,135,vehicle.lincoln.mkz_2017,0,static.ground,0.0
3040,143.04167655669153,135,vehicle.lincoln.mkz_2017,0,static.ground,0.0
3041,143.09167655743659,135,vehicle.lincoln.mkz_2017,0,static.ground,0.0
3042,143.14167655818164,135,vehicle.lincoln.mkz_2017,0,static.ground,0.0
3043,143.1916765589267,135,vehicle.lincoln.mkz_2017,0,static.ground,0.0
3044,143.24167655967176,135,vehicle.lincoln.mkz_2017,0,static.ground,0.0
3045,143.29167656041682,135,vehicle.lincoln.mkz_2017,0,static.ground,0.0
3046,143.34167656116188,135,vehicle.lincoln.mkz_2017,0,static.ground,0.0
3047,143.39167656190693,135,vehicle.lincoln.mkz_2017,0,static.ground,0.0
3048,143.441676562652,135,vehicle.lincoln.mkz_2017,0,static.ground,0.0
3049,143.49167656339705,135,vehicle.lincoln.mkz_2017,0,static.ground,0.0
3050,143.5416765641421,135,vehicle.lincoln.mkz_2017,0,static.ground,0.0
3051,143.59167656488717,135,vehicle.lincoln.mkz_2017,0,static.ground,0.0
3052,143.64167656563222,135,vehicle.lincoln.mkz_2017,0,static.ground,0.0
3053,143.69167656637728,135,vehicle.lincoln.mkz_2017,0,static.ground,0.0
3054,143.74167656712234,135,vehicle.lincoln.mkz_2017,0,static.ground,0.0
3055,143.7916765678674,135,vehicle.lincoln.mkz_2017,0,static.ground,0.0
3056,143.84167656861246,135,vehicle.lincoln.mkz_2017,0,static.ground,0.0
3057,143.89167656935751,135,vehicle.lincoln.mkz_2017,0,static.ground,0.0
3058,143.94167657010257,135,vehicle.lincoln.mkz_2017,0,static.ground,0.0
3059,143.99167657084763,135,vehicle.lincoln.mkz_2017,0,static.ground,0.0
3060,144.0416765715927,135,vehicle.lincoln.mkz_2017,0,static.ground,0.0
3061,144.09167657233775,135,vehicle.lincoln.mkz_2017,0,static.ground,0.0
3062,144.1416765730828,135,vehicle.lincoln.mkz_2017,0,static.ground,0.0
3063,144.19167657382786,135,vehicle.lincoln.mkz_2017,0,static.ground,0.0
3064,144.24167657457292,135,vehicle.lincoln.mkz_2017,0,static.ground,0.0
3065,144.29167657531798,135,vehicle.lincoln.mkz_2017,0,static.ground,0.0
3066,144.34167657606304,135,vehicle.lincoln.mkz_2017,0,static.ground,0.0
3067,144.3916765768081,135,vehicle.lincoln.mkz_2017,0,static.ground,0.0
3068,144.44167657755315,135,vehicle.lincoln.mkz_2017,0,static.ground,0.0
3069,144.4916765782982,135,vehicle.lincoln.mkz_2017,0,static.ground,0.0
3070,144.54167657904327,135,vehicle.lincoln.mkz_2017,0,static.ground,0.0
3071,144.59167657978833,135,vehicle.lincoln.mkz_2017,0,static.ground,0.0
3072,144.64167658053339,135,vehicle.lincoln.mkz_2017,0,static.ground,0.0
3073,144.69167658127844,135,vehicle.lincoln.mkz_2017,0,static.ground,0.0
3074,144.7416765820235,135,vehicle.lincoln.mkz_2017,0,static.ground,0.0
3075,144.79167658276856,135,vehicle.lincoln.mkz_2017,0,static.ground,0.0
3076,144.84167658351362,135,vehicle.lincoln.mkz_2017,0,static.ground,0.0
3077,144.89167658425868,135,vehicle.lincoln.mkz_2017,0,static.ground,0.0
3078,144.94167658500373,135,vehicle.lincoln.mkz_2017,0,static.ground,0.0
3079,144.9916765857488,135,vehicle.lincoln.mkz_2017,0,static.ground,0.0
3080,145.04167658649385,135,vehicle.lincoln.mkz_2017,0,static.ground,0.0
3081,145.0916765872389,135,vehicle.lincoln.mkz_2017,0,static.ground,0.0
3082,145.14167658798397,135,vehicle.lincoln.mkz_2017,0,static.ground,0.0
3083,145.19167658872902,135,vehicle.lincoln.mkz_2017,0,static.ground,0.0
3084,145.24167658947408,135,vehicle.lincoln.mkz_2017,0,static.ground,0.0
3085,145.29167659021914,135,vehicle.lincoln.mkz_2017,0,static.ground,0.0
3086,145.3416765909642,135,vehicle.lincoln.mkz_2017,0,static.ground,0.0
3087,145.39167659170926,135,vehicle.lincoln.mkz_2017,0,static.ground,0.0
3088,145.44167659245431,135,vehicle.lincoln.mkz_2017,0,static.ground,0.0
3089,145.49167659319937,135,vehicle.lincoln.mkz_2017,0,static.ground,0.0
3090,145.54167659394443,135,vehicle.lincoln.mkz_2017,0,static.ground,0.0
3091,145.5916765946895,135,vehicle.lincoln.mkz_2017,0,static.ground,0.0
3092,145.64167659543455,135,vehicle.lincoln.mkz_2017,0,static.ground,0.0
3093,145.6916765961796,135,vehicle.lincoln.mkz_2017,0,static.ground,0.0
3094,145.74167659692466,135,vehicle.lincoln.mkz_2017,0,static.ground,0.0
3095,145.79167659766972,135,vehicle.lincoln.mkz_2017,0,static.ground,0.0
3096,145.84167659841478,135,vehicle.lincoln.mkz_2017,0,static.ground,0.0
3097,145.89167659915984,135,vehicle.lincoln.mkz_2017,0,static.ground,0.0
3098,145.9416765999049,135,vehicle.lincoln.mkz_2017,0,static.ground,0.0
3099,145.99167660064995,135,vehicle.lincoln.mkz_2017,0,static.ground,0.0
3100,146.041676601395,135,vehicle.lincoln.mkz_2017,0,static.ground,0.0
3101,146.09167660214007,135,vehicle.lincoln.mkz_2017,0,static.ground,0.0
3102,146.14167660288513,135,vehicle.lincoln.mkz_2017,0,static.ground,0.0
3103,146.19167660363019,135,vehicle.lincoln.mkz_2017,0,static.ground,0.0
3104,146.24167660437524,135,vehicle.lincoln.mkz_2017,0,static.ground,0.0
3105,146.2916766051203,135,vehicle.lincoln.mkz_2017,0,static.ground,0.0
3106,146.34167660586536,135,vehicle.lincoln.mkz_2017,0,static.ground,0.0
3107,146.39167660661042,135,vehicle.lincoln.mkz_2017,0,static.ground,0.0
3108,146.44167660735548,135,vehicle.lincoln.mkz_2017,0,static.ground,0.0
3109,146.49167660810053,135,vehicle.lincoln.mkz_2017,0,static.ground,0.0
3110,146.5416766088456,135,vehicle.lincoln.mkz_2017,0,static.ground,0.0
3111,146.59167660959065,135,vehicle.lincoln.mkz_2017,0,static.ground,0.0
3112,146.6416766103357,135,vehicle.lincoln.mkz_2017,0,static.ground,0.0
3113,146.69167661108077,135,vehicle.lincoln.mkz_2017,0,static.ground,0.0
3114,146.74167661182582,135,vehicle.lincoln.mkz_2017,0,static.ground,0.0
3115,146.79167661257088,135,vehicle.lincoln.mkz_2017,0,static.ground,0.0
3116,146.84167661331594,135,vehicle.lincoln.mkz_2017,0,static.ground,0.0
3117,146.891676614061,135,vehicle.lincoln.mkz_2017,0,static.ground,0.0
3118,146.94167661480606,135,vehicle.lincoln.mkz_2017,0,static.ground,0.0
3119,146.9916766155511,135,vehicle.lincoln.mkz_2017,0,static.ground,0.0
3120,147.04167661629617,135,vehicle.lincoln.mkz_2017,0,static.ground,0.0
3121,147.09167661704123,135,vehicle.lincoln.mkz_2017,0,static.ground,0.0
3122,147.1416766177863,135,vehicle.lincoln.mkz_2017,0,static.ground,0.0
3123,147.19167661853135,135,vehicle.lincoln.mkz_2017,0,static.ground,0.0
3124,147.2416766192764,135,vehicle.lincoln.mkz_2017,0,static.ground,0.0
3125,147.29167662002146,135,vehicle.lincoln.mkz_2017,0,static.ground,0.0
3126,147.34167662076652,135,vehicle.lincoln.mkz_2017,0,static.ground,0.0
3127,147.39167662151158,135,vehicle.lincoln.mkz_2017,0,static.ground,0.0
3128,147.44167662225664,135,vehicle.lincoln.mkz_2017,0,static.ground,0.0
3129,147.4916766230017,135,vehicle.lincoln.mkz_2017,0,static.ground,0.0
3130,147.54167662374675,135,vehicle.lincoln.mkz_2017,0,static.ground,0.0
3131,147.5916766244918,135,vehicle.lincoln.mkz_2017,0,static.ground,0.0
3132,147.64167662523687,135,vehicle.lincoln.mkz_2017,0,static.ground,0.0
3133,147.69167662598193,135,vehicle.lincoln.mkz_2017,0,static.ground,0.0
3134,147.74167662672698,135,vehicle.lincoln.mkz_2017,0,static.ground,0.0
3135,147.79167662747204,135,vehicle.lincoln.mkz_2017,0,static.ground,0.0
3136,147.8416766282171,135,vehicle.lincoln.mkz_2017,0,static.ground,0.0
3137,147.89167662896216,135,vehicle.lincoln.mkz_2017,0,static.ground,0.0
3138,147.94167662970722,135,vehicle.lincoln.mkz_2017,0,static.ground,0.0
3139,147.99167663045228,135,vehicle.lincoln.mkz_2017,0,static.ground,0.0
3140,148.04167663119733,135,vehicle.lincoln.mkz_2017,0,static.ground,0.0
3141,148.0916766319424,135,vehicle.lincoln.mkz_2017,0,static.ground,0.0
3142,148.14167663268745,135,vehicle.lincoln.mkz_2017,0,static.ground,0.0
3143,148.1916766334325,135,vehicle.lincoln.mkz_2017,0,static.ground,0.0
3144,148.24167663417757,135,vehicle.lincoln.mkz_2017,0,static.ground,0.0
3145,148.29167663492262,135,vehicle.lincoln.mkz_2017,0,static.ground,0.0
3146,148.34167663566768,135,vehicle.lincoln.mkz_2017,0,static.ground,0.0
3147,148.39167663641274,135,vehicle.lincoln.mkz_2017,0,static.ground,0.0
3148,148.4416766371578,135,vehicle.lincoln.mkz_2017,0,static.ground,0.0
3149,148.49167663790286,135,vehicle.lincoln.mkz_2017,0,static.ground,0.0
3150,148.5416766386479,135,vehicle.lincoln.mkz_2017,0,static.ground,0.0
3151,148.59167663939297,135,vehicle.lincoln.mkz_2017,0,static.ground,0.0
3152,148.64167664013803,135,vehicle.lincoln.mkz_2017,0,static.ground,0.0
3153,148.6916766408831,135,vehicle.lincoln.mkz_2017,0,static.ground,0.0
3154,148.74167664162815,135,vehicle.lincoln.mkz_2017,0,static.ground,0.0
3155,148.7916766423732,135,vehicle.lincoln.mkz_2017,0,static.ground,0.0
3156,148.84167664311826,135,vehicle.lincoln.mkz_2017,0,static.ground,0.0
3157,148.89167664386332,135,vehicle.lincoln.mkz_2017,0,static.ground,0.0
3158,148.94167664460838,135,vehicle.lincoln.mkz_2017,0,static.ground,0.0
3159,148.99167664535344,135,vehicle.lincoln.mkz_2017,0,static.ground,0.0
3160,149.0416766460985,135,vehicle.lincoln.mkz_2017,0,static.ground,0.0
3161,149.09167664684355,135,vehicle.lincoln.mkz_2017,0,static.ground,0.0
3162,149.1416766475886,135,vehicle.lincoln.mkz_2017,0,static.ground,0.0
3163,149.19167664833367,135,vehicle.lincoln.mkz_2017,0,static.ground,0.0
3164,149.24167664907873,135,vehicle.lincoln.mkz_2017,0,static.ground,0.0
3165,149.29167664982378,135,vehicle.lincoln.mkz_2017,0,static.ground,0.0
3166,149.34167665056884,135,vehicle.lincoln.mkz_2017,0,static.ground,0.0
3167,149.3916766513139,135,vehicle.lincoln.mkz_2017,0,static.ground,0.0
3168,149.44167665205896,135,vehicle.lincoln.mkz_2017,0,static.ground,0.0
3169,149.49167665280402,135,vehicle.lincoln.mkz_2017,0,static.ground,0.0
3170,149.54167665354908,135,vehicle.lincoln.mkz_2017,0,static.ground,0.0
3171,149.59167665429413,135,vehicle.lincoln.mkz_2017,0,static.ground,0.0
3172,149.6416766550392,135,vehicle.lincoln.mkz_2017,0,static.ground,0.0
3173,149.69167665578425,135,vehicle.lincoln.mkz_2017,0,static.ground,0.0
3174,149.7416766565293,135,vehicle.lincoln.mkz_2017,0,static.ground,0.0
3175,149.79167665727437,135,vehicle.lincoln.mkz_2017,0,static.ground,0.0
3176,149.84167665801942,135,vehicle.lincoln.mkz_2017,0,static.ground,0.0
3177,149.89167665876448,135,vehicle.lincoln.mkz_2017,0,static.ground,0.0
3178,149.94167665950954,135,vehicle.lincoln.mkz_2017,0,static.ground,0.0
3179,149.9916766602546,135,vehicle.lincoln.mkz_2017,0,static.ground,0.0
3180,150.04167666099966,135,vehicle.lincoln.mkz_2017,0,static.ground,0.0
3181,150.0916766617447,135,vehicle.lincoln.mkz_2017,0,static.ground,0.0
3182,150.14167666248977,135,vehicle.lincoln.mkz_2017,0,static.ground,0.0
3183,150.19167666323483,135,vehicle.lincoln.mkz_2017,0,static.ground,0.0
3184,150.2416766639799,135,vehicle.lincoln.mkz_2017,0,static.ground,0.0
3185,150.29167666472495,135,vehicle.lincoln.mkz_2017,0,static.ground,0.0
3186,150.34167666547,135,vehicle.lincoln.mkz_2017,0,static.ground,0.0
3187,150.39167666621506,135,vehicle.lincoln.mkz_2017,0,static.ground,0.0
3188,150.44167666696012,135,vehicle.lincoln.mkz_2017,0,static.ground,0.0
3189,150.49167666770518,135,vehicle.lincoln.mkz_2017,0,static.ground,0.0
3190,150.54167666845024,135,vehicle.lincoln.mkz_2017,0,static.ground,0.0
3191,150.5916766691953,135,vehicle.lincoln.mkz_2017,0,static.ground,0.0
3192,150.64167666994035,135,vehicle.lincoln.mkz_2017,0,static.ground,0.0
3193,150.6916766706854,135,vehicle.lincoln.mkz_2017,0,static.ground,0.0
3194,150.74167667143047,135,vehicle.lincoln.mkz_2017,0,static.ground,0.0
3195,150.79167667217553,135,vehicle.lincoln.mkz_2017,0,static.ground,0.0
3196,150.84167667292058,135,vehicle.lincoln.mkz_2017,0,static.ground,0.0
3197,150.89167667366564,135,vehicle.lincoln.mkz_2017,0,static.ground,0.0
3198,150.9416766744107,135,vehicle.lincoln.mkz_2017,0,static.ground,0.0
3199,150.99167667515576,135,vehicle.lincoln.mkz_2017,0,static.ground,0.0
3200,151.04167667590082,135,vehicle.lincoln.mkz_2017,0,static.ground,0.0
3201,151.09167667664587,135,vehicle.lincoln.mkz_2017,0,static.ground,0.0
3202,151.14167667739093,135,vehicle.lincoln.mkz_2017,0,static.ground,0.0
3203,151.191676678136,135,vehicle.lincoln.mkz_2017,0,static.ground,0.0
3204,151.24167667888105,135,vehicle.lincoln.mkz_2017,0,static.ground,0.0
3205,151.2916766796261,135,vehicle.lincoln.mkz_2017,0,static.ground,0.0
3206,151.34167668037117,135,vehicle.lincoln.mkz_2017,0,static.ground,0.0
3207,151.39167668111622,135,vehicle.lincoln.mkz_2017,0,static.ground,0.0
3208,151.44167668186128,135,vehicle.lincoln.mkz_2017,0,static.ground,0.0
3209,151.49167668260634,135,vehicle.lincoln.mkz_2017,0,static.ground,0.0
3210,151.5416766833514,135,vehicle.lincoln.mkz_2017,0,static.ground,0.0
3211,151.59167668409646,135,vehicle.lincoln.mkz_2017,0,static.ground,0.0
3212,151.6416766848415,135,vehicle.lincoln.mkz_2017,0,static.ground,0.0
3213,151.69167668558657,135,vehicle.lincoln.mkz_2017,0,static.ground,0.0
3214,151.74167668633163,135,vehicle.lincoln.mkz_2017,0,static.ground,0.0
3215,151.7916766870767,135,vehicle.lincoln.mkz_2017,0,static.ground,0.0
3216,151.84167668782175,135,vehicle.lincoln.mkz_2017,0,static.ground,0.0
3217,151.8916766885668,135,vehicle.lincoln.mkz_2017,0,static.ground,0.0
3218,151.94167668931186,135,vehicle.lincoln.mkz_2017,0,static.ground,0.0
3219,151.99167669005692,135,vehicle.lincoln.mkz_2017,0,static.ground,0.0
3220,152.04167669080198,135,vehicle.lincoln.mkz_2017,0,static.ground,0.0
3221,152.09167669154704,135,vehicle.lincoln.mkz_2017,0,static.ground,0.0
3222,152.1416766922921,135,vehicle.lincoln.mkz_2017,0,static.ground,0.0
3223,152.19167669303715,135,vehicle.lincoln.mkz_2017,0,static.ground,0.0
3224,152.2416766937822,135,vehicle.lincoln.mkz_2017,0,static.ground,0.0
3225,152.29167669452727,135,vehicle.lincoln.mkz_2017,0,static.ground,0.0
3226,152.34167669527233,135,vehicle.lincoln.mkz_2017,0,static.ground,0.0
3227,152.39167669601738,135,vehicle.lincoln.mkz_2017,0,static.ground,0.0
3228,152.44167669676244,135,vehicle.lincoln.mkz_2017,0,static.ground,0.0
3229,152.4916766975075,135,vehicle.lincoln.mkz_2017,0,static.ground,0.0
3230,152.54167669825256,135,vehicle.lincoln.mkz_2017,0,static.ground,0.0
3231,152.59167669899762,135,vehicle.lincoln.mkz_2017,0,static.ground,0.0
3232,152.64167669974267,135,vehicle.lincoln.mkz_2017,0,static.ground,0.0
3233,152.69167670048773,135,vehicle.lincoln.mkz_2017,0,static.ground,0.0
3234,152.7416767012328,135,vehicle.lincoln.mkz_2017,0,static.ground,0.0
3235,152.79167670197785,135,vehicle.lincoln.mkz_2017,0,static.ground,0.0
3236,152.8416767027229,135,vehicle.lincoln.mkz_2017,0,static.ground,0.0
3237,152.89167670346797,135,vehicle.lincoln.mkz_2017,0,static.ground,0.0
3238,152.94167670421302,135,vehicle.lincoln.mkz_2017,0,static.ground,0.0
3239,152.99167670495808,135,vehicle.lincoln.mkz_2017,0,static.ground,0.0
3240,153.04167670570314,135,vehicle.lincoln.mkz_2017,0,static.ground,0.0
3241,153.0916767064482,135,vehicle.lincoln.mkz_2017,0,static.ground,0.0
3242,153.14167670719326,135,vehicle.lincoln.mkz_2017,0,static.ground,0.0
3243,153.1916767079383,135,vehicle.lincoln.mkz_2017,0,static.ground,0.0
3244,153.24167670868337,135,vehicle.lincoln.mkz_2017,0,static.ground,0.0
3245,153.29167670942843,135,vehicle.lincoln.mkz_2017,0,static.ground,0.0
3246,153.3416767101735,135,vehicle.lincoln.mkz_2017,0,static.ground,0.0
3247,153.39167671091855,135,vehicle.lincoln.mkz_2017,0,static.ground,0.0
3248,153.4416767116636,135,vehicle.lincoln.mkz_2017,0,static.ground,0.0
3249,153.49167671240866,135,vehicle.lincoln.mkz_2017,0,static.ground,0.0
3250,153.54167671315372,135,vehicle.lincoln.mkz_2017,0,static.ground,0.0
3251,153.59167671389878,135,vehicle.lincoln.mkz_2017,0,static.ground,0.0
3252,153.64167671464384,135,vehicle.lincoln.mkz_2017,0,static.ground,0.0
3253,153.6916767153889,135,vehicle.lincoln.mkz_2017,0,static.ground,0.0
3254,153.74167671613395,135,vehicle.lincoln.mkz_2017,0,static.ground,0.0
3255,153.791676716879,135,vehicle.lincoln.mkz_2017,0,static.ground,0.0
3256,153.84167671762407,135,vehicle.lincoln.mkz_2017,0,static.ground,0.0
3257,153.89167671836913,135,vehicle.lincoln.mkz_2017,0,static.ground,0.0
3258,153.94167671911418,135,vehicle.lincoln.mkz_2017,0,static.ground,0.0
3259,153.99167671985924,135,vehicle.lincoln.mkz_2017,0,static.ground,0.0
3260,154.0416767206043,135,vehicle.lincoln.mkz_2017,0,static.ground,0.0
3261,154.09167672134936,135,vehicle.lincoln.mkz_2017,0,static.ground,0.0
3262,154.14167672209442,135,vehicle.lincoln.mkz_2017,0,static.ground,0.0
3263,154.19167672283947,135,vehicle.lincoln.mkz_2017,0,static.ground,0.0
3264,154.24167672358453,135,vehicle.lincoln.mkz_2017,0,static.ground,0.0
3265,154.2916767243296,135,vehicle.lincoln.mkz_2017,0,static.ground,0.0
3266,154.34167672507465,135,vehicle.lincoln.mkz_2017,0,static.ground,0.0
3267,154.3916767258197,135,vehicle.lincoln.mkz_2017,0,static.ground,0.0
3268,154.44167672656476,135,vehicle.lincoln.mkz_2017,0,static.ground,0.0
3269,154.49167672730982,135,vehicle.lincoln.mkz_2017,0,static.ground,0.0
3270,154.54167672805488,135,vehicle.lincoln.mkz_2017,0,static.ground,0.0
3271,154.59167672879994,135,vehicle.lincoln.mkz_2017,0,static.ground,0.0
3272,154.641676729545,135,vehicle.lincoln.mkz_2017,0,static.ground,0.0
3273,154.69167673029006,135,vehicle.lincoln.mkz_2017,0,static.ground,0.0
3274,154.7416767310351,135,vehicle.lincoln.mkz_2017,0,static.ground,0.0
3275,154.79167673178017,135,vehicle.lincoln.mkz_2017,0,static.ground,0.0
3276,154.84167673252523,135,vehicle.lincoln.mkz_2017,0,static.ground,0.0
3277,154.8916767332703,135,vehicle.lincoln.mkz_2017,0,static.ground,0.0
3278,154.94167673401535,135,vehicle.lincoln.mkz_2017,0,static.ground,0.0
3279,154.9916767347604,135,vehicle.lincoln.mkz_2017,0,static.ground,0.0
3280,155.04167673550546,135,vehicle.lincoln.mkz_2017,0,static.ground,0.0
3281,155.09167673625052,135,vehicle.lincoln.mkz_2017,0,static.ground,0.0
3282,155.14167673699558,135,vehicle.lincoln.mkz_2017,0,static.ground,0.0
3283,155.19167673774064,135,vehicle.lincoln.mkz_2017,0,static.ground,0.0
3284,155.2416767384857,135,vehicle.lincoln.mkz_2017,0,static.ground,0.0
3285,155.29167673923075,135,vehicle.lincoln.mkz_2017,0,static.road,0.0
3286,155.3416767399758,135,vehicle.lincoln.mkz_2017,0,static.road,0.0
3287,155.39167674072087,135,vehicle.lincoln.mkz_2017,0,static.road,0.0
3288,155.44167674146593,135,vehicle.lincoln.mkz_2017,0,static.road,0.0
3289,155.49167674221098,135,vehicle.lincoln.mkz_2017,0,static.road,0.0
3290,155.54167674295604,135,vehicle.lincoln.mkz_2017,0,static.road,0.0
3291,155.5916767437011,135,vehicle.lincoln.mkz_2017,0,static.road,0.0
3292,155.64167674444616,135,vehicle.lincoln.mkz_2017,0,static.road,0.0
3293,155.69167674519122,135,vehicle.lincoln.mkz_2017,0,static.road,0.0
3294,155.74167674593627,135,vehicle.lincoln.mkz_2017,0,static.road,0.0
3295,155.79167674668133,135,vehicle.lincoln.mkz_2017,0,static.road,0.0
3296,155.8416767474264,135,vehicle.lincoln.mkz_2017,0,static.unknown,0.0
3297,155.89167674817145,135,vehicle.lincoln.mkz_2017,0,static.unknown,0.0
3298,155.9416767489165,135,vehicle.lincoln.mkz_2017,0,static.unknown,0.0
3299,155.99167674966156,135,vehicle.lincoln.mkz_2017,0,static.unknown,0.0
3300,156.04167675040662,135,vehicle.lincoln.mkz_2017,0,static.unknown,0.0
3301,156.09167675115168,135,vehicle.lincoln.mkz_2017,0,static.unknown,0.0
3302,156.14167675189674,135,vehicle.lincoln.mkz_2017,0,static.unknown,0.0
3303,156.1916767526418,135,vehicle.lincoln.mkz_2017,0,static.unknown,0.0
3304,156.24167675338686,135,vehicle.lincoln.mkz_2017,0,static.unknown,0.0
3305,156.2916767541319,135,vehicle.lincoln.mkz_2017,0,static.unknown,0.0
3306,156.34167675487697,135,vehicle.lincoln.mkz_2017,0,static.unknown,0.0
3307,156.39167675562203,135,vehicle.lincoln.mkz_2017,0,static.unknown,0.0
3308,156.4416767563671,135,vehicle.lincoln.mkz_2017,0,static.unknown,0.0
3309,156.49167675711215,135,vehicle.lincoln.mkz_2017,0,static.unknown,0.0
3310,156.5416767578572,135,vehicle.lincoln.mkz_2017,0,static.unknown,0.0
3311,156.59167675860226,135,vehicle.lincoln.mkz_2017,0,static.unknown,0.0
3312,156.64167675934732,135,vehicle.lincoln.mkz_2017,0,static.unknown,0.0
3313,156.69167676009238,135,vehicle.lincoln.mkz_2017,0,static.unknown,0.0
3314,156.74167676083744,135,vehicle.lincoln.mkz_2017,0,static.unknown,0.0
3315,156.7916767615825,135,vehicle.lincoln.mkz_2017,0,static.unknown,0.0
3316,156.84167676232755,135,vehicle.lincoln.mkz_2017,0,static.unknown,0.0
3317,156.8916767630726,135,vehicle.lincoln.mkz_2017,0,static.unknown,0.0
3318,156.94167676381767,135,vehicle.lincoln.mkz_2017,0,static.unknown,0.0
3319,156.99167676456273,135,vehicle.lincoln.mkz_2017,0,static.unknown,0.0
3320,157.04167676530778,135,vehicle.lincoln.mkz_2017,0,static.unknown,0.0
3321,157.09167676605284,135,vehicle.lincoln.mkz_2017,0,static.unknown,0.0
3322,157.1416767667979,135,vehicle.lincoln.mkz_2017,0,static.unknown,0.0
3323,157.19167676754296,135,vehicle.lincoln.mkz_2017,0,static.unknown,0.0
3324,157.24167676828802,135,vehicle.lincoln.mkz_2017,0,static.unknown,0.0
3325,157.29167676903307,135,vehicle.lincoln.mkz_2017,0,static.unknown,0.0
3326,157.34167676977813,135,vehicle.lincoln.mkz_2017,0,static.unknown,0.0
3327,157.3916767705232,135,vehicle.lincoln.mkz_2017,0,static.unknown,0.0
3328,157.44167677126825,135,vehicle.lincoln.mkz_2017,0,static.unknown,0.0
3329,157.4916767720133,135,vehicle.lincoln.mkz_2017,0,static.unknown,0.0
3330,157.54167677275836,135,vehicle.lincoln.mkz_2017,0,static.unknown,0.0
3331,157.59167677350342,135,vehicle.lincoln.mkz_2017,0,static.unknown,0.0
3332,157.64167677424848,135,vehicle.lincoln.mkz_2017,0,static.unknown,0.0
3333,157.69167677499354,135,vehicle.lincoln.mkz_2017,0,static.unknown,0.0
3334,157.7416767757386,135,vehicle.lincoln.mkz_2017,0,static.unknown,0.0
3335,157.79167677648365,135,vehicle.lincoln.mkz_2017,0,static.unknown,0.0
3336,157.8416767772287,135,vehicle.lincoln.mkz_2017,0,static.unknown,0.0
3337,157.89167677797377,135,vehicle.lincoln.mkz_2017,0,static.unknown,0.0
3338,157.94167677871883,135,vehicle.lincoln.mkz_2017,0,static.unknown,0.0
3339,157.9916767794639,135,vehicle.lincoln.mkz_2017,0,static.unknown,0.0
3340,158.04167678020895,135,vehicle.lincoln.mkz_2017,0,static.unknown,0.0
3341,158.091676780954,135,vehicle.lincoln.mkz_2017,0,static.unknown,0.0
3342,158.14167678169906,135,vehicle.lincoln.mkz_2017,0,static.unknown,0.0
3343,158.19167678244412,135,vehicle.lincoln.mkz_2017,0,static.unknown,0.0
3344,158.24167678318918,135,vehicle.lincoln.mkz_2017,0,static.unknown,0.0
3345,158.29167678393424,135,vehicle.lincoln.mkz_2017,0,static.unknown,0.0
3346,158.3416767846793,135,vehicle.lincoln.mkz_2017,0,static.unknown,0.0
3347,158.39167678542435,135,vehicle.lincoln.mkz_2017,0,static.unknown,0.0
3348,158.4416767861694,135,vehicle.lincoln.mkz_2017,0,static.unknown,0.0
3349,158.49167678691447,135,vehicle.lincoln.mkz_2017,0,static.unknown,0.0
3350,158.54167678765953,135,vehicle.lincoln.mkz_2017,0,static.unknown,0.0
3351,158.59167678840458,135,vehicle.lincoln.mkz_2017,0,static.unknown,0.0
3352,158.64167678914964,135,vehicle.lincoln.mkz_2017,0,static.unknown,0.0
3353,158.6916767898947,135,vehicle.lincoln.mkz_2017,0,static.unknown,0.0
3354,158.74167679063976,135,vehicle.lincoln.mkz_2017,0,static.unknown,0.0
3355,158.79167679138482,135,vehicle.lincoln.mkz_2017,0,static.unknown,0.0
3356,158.84167679212987,135,vehicle.lincoln.mkz_2017,0,static.unknown,0.0
3357,158.89167679287493,135,vehicle.lincoln.mkz_2017,0,static.unknown,0.0
3358,158.94167679362,135,vehicle.lincoln.mkz_2017,0,static.unknown,0.0
3359,158.99167679436505,135,vehicle.lincoln.mkz_2017,0,static.unknown,0.0
3360,159.0416767951101,135,vehicle.lincoln.mkz_2017,0,static.unknown,0.0
3361,159.09167679585516,135,vehicle.lincoln.mkz_2017,0,static.unknown,0.0
3362,159.14167679660022,135,vehicle.lincoln.mkz_2017,0,static.unknown,0.0
3363,159.19167679734528,135,vehicle.lincoln.mkz_2017,0,static.unknown,0.0
3364,159.24167679809034,135,vehicle.lincoln.mkz_2017,0,static.unknown,0.0
3365,159.2916767988354,135,vehicle.lincoln.mkz_2017,0,static.unknown,0.0
3366,159.34167679958045,135,vehicle.lincoln.mkz_2017,0,static.unknown,0.0
3367,159.3916768003255,135,vehicle.lincoln.mkz_2017,0,static.unknown,0.0
3368,159.44167680107057,135,vehicle.lincoln.mkz_2017,0,static.unknown,0.0
3369,159.49167680181563,135,vehicle.lincoln.mkz_2017,0,static.unknown,0.0
3370,159.5416768025607,135,vehicle.lincoln.mkz_2017,0,static.unknown,0.0
3371,159.59167680330575,135,vehicle.lincoln.mkz_2017,0,static.unknown,0.0
3372,159.6416768040508,135,vehicle.lincoln.mkz_2017,0,static.unknown,0.0
3373,159.69167680479586,135,vehicle.lincoln.mkz_2017,0,static.unknown,0.0
3374,159.74167680554092,135,vehicle.lincoln.mkz_2017,0,static.unknown,0.0
3375,159.79167680628598,135,vehicle.lincoln.mkz_2017,0,static.unknown,0.0
3376,159.84167680703104,135,vehicle.lincoln.mkz_2017,0,static.unknown,0.0
3377,159.8916768077761,135,vehicle.lincoln.mkz_2017,0,static.unknown,0.0
3378,159.94167680852115,135,vehicle.lincoln.mkz_2017,0,static.unknown,0.0
3379,159.9916768092662,135,vehicle.lincoln.mkz_2017,0,static.unknown,0.0
3380,160.04167681001127,135,vehicle.lincoln.mkz_2017,0,static.unknown,0.0
3381,160.09167681075633,135,vehicle.lincoln.mkz_2017,0,static.unknown,0.0
3382,160.14167681150138,135,vehicle.lincoln.mkz_2017,0,static.unknown,0.0
3383,160.19167681224644,135,vehicle.lincoln.mkz_2017,0,static.unknown,0.0
3384,160.2416768129915,135,vehicle.lincoln.mkz_2017,0,static.unknown,0.0
3385,160.29167681373656,135,vehicle.lincoln.mkz_2017,0,static.unknown,0.0
3386,160.34167681448162,135,vehicle.lincoln.mkz_2017,0,static.unknown,0.0
3387,160.39167681522667,135,vehicle.lincoln.mkz_2017,0,static.unknown,0.0
3388,160.44167681597173,135,vehicle.lincoln.mkz_2017,0,static.unknown,0.0
3389,160.4916768167168,135,vehicle.lincoln.mkz_2017,0,static.unknown,0.0
3390,160.54167681746185,135,vehicle.lincoln.mkz_2017,0,static.unknown,0.0
3391,160.5916768182069,135,vehicle.lincoln.mkz_2017,0,static.unknown,0.0
3392,160.64167681895196,135,vehicle.lincoln.mkz_2017,0,static.unknown,0.0
3393,160.69167681969702,135,vehicle.lincoln.mkz_2017,0,static.unknown,0.0
3394,160.74167682044208,135,vehicle.lincoln.mkz_2017,0,static.unknown,0.0
3395,160.79167682118714,135,vehicle.lincoln.mkz_2017,0,static.unknown,0.0
3396,160.8416768219322,135,vehicle.lincoln.mkz_2017,0,static.unknown,0.0
3397,160.89167682267725,135,vehicle.lincoln.mkz_2017,0,static.unknown,0.0
3398,160.9416768234223,135,vehicle.lincoln.mkz_2017,0,static.unknown,0.0
3399,160.99167682416737,135,vehicle.lincoln.mkz_2017,0,static.unknown,0.0
3400,161.04167682491243,135,vehicle.lincoln.mkz_2017,0,static.unknown,0.0
3401,161.0916768256575,135,vehicle.lincoln.mkz_2017,0,static.unknown,0.0
3402,161.14167682640254,135,vehicle.lincoln.mkz_2017,0,static.unknown,0.0
3403,161.1916768271476,135,vehicle.lincoln.mkz_2017,0,static.unknown,0.0
3404,161.24167682789266,135,vehicle.lincoln.mkz_2017,0,static.unknown,0.0
3405,161.29167682863772,135,vehicle.lincoln.mkz_2017,0,static.unknown,0.0
3406,161.34167682938278,135,vehicle.lincoln.mkz_2017,0,static.unknown,0.0
3407,161.39167683012784,135,vehicle.lincoln.mkz_2017,0,static.unknown,0.0
3408,161.4416768308729,135,vehicle.lincoln.mkz_2017,0,static.unknown,0.0
3409,161.49167683161795,135,vehicle.lincoln.mkz_2017,0,static.unknown,0.0
3410,161.541676832363,135,vehicle.lincoln.mkz_2017,0,static.unknown,0.0
3411,161.59167683310807,135,vehicle.lincoln.mkz_2017,0,static.unknown,0.0
3412,161.64167683385313,135,vehicle.lincoln.mkz_2017,0,static.unknown,0.0
3413,161.69167683459818,135,vehicle.lincoln.mkz_2017,0,static.unknown,0.0
3414,161.74167683534324,135,vehicle.lincoln.mkz_2017,0,static.unknown,0.0
3415,161.7916768360883,135,vehicle.lincoln.mkz_2017,0,static.unknown,0.0
3416,161.84167683683336,135,vehicle.lincoln.mkz_2017,0,static.unknown,0.0
3417,161.89167683757842,135,vehicle.lincoln.mkz_2017,0,static.unknown,0.0
3418,161.94167683832347,135,vehicle.lincoln.mkz_2017,0,static.unknown,0.0
3419,161.99167683906853,135,vehicle.lincoln.mkz_2017,0,static.unknown,0.0
3420,162.0416768398136,135,vehicle.lincoln.mkz_2017,0,static.unknown,0.0
3421,162.09167684055865,135,vehicle.lincoln.mkz_2017,0,static.unknown,0.0
3422,162.1416768413037,135,vehicle.lincoln.mkz_2017,0,static.unknown,0.0
3423,162.19167684204876,135,vehicle.lincoln.mkz_2017,0,static.unknown,0.0
3424,162.24167684279382,135,vehicle.lincoln.mkz_2017,0,static.unknown,0.0
3425,162.29167684353888,135,vehicle.lincoln.mkz_2017,0,static.unknown,0.0
3426,162.34167684428394,135,vehicle.lincoln.mkz_2017,0,static.unknown,0.0
3427,162.391676845029,135,vehicle.lincoln.mkz_2017,0,static.unknown,0.0
3428,162.44167684577405,135,vehicle.lincoln.mkz_2017,0,static.unknown,0.0
3429,162.4916768465191,135,vehicle.lincoln.mkz_2017,0,static.unknown,0.0
3430,162.54167684726417,135,vehicle.lincoln.mkz_2017,0,static.unknown,0.0
3431,162.59167684800923,135,vehicle.lincoln.mkz_2017,0,static.unknown,0.0
3432,162.6416768487543,135,vehicle.lincoln.mkz_2017,0,static.unknown,0.0
3433,162.69167684949934,135,vehicle.lincoln.mkz_2017,0,static.unknown,0.0
3434,162.7416768502444,135,vehicle.lincoln.mkz_2017,0,static.unknown,0.0
3435,162.79167685098946,135,vehicle.lincoln.mkz_2017,0,static.unknown,0.0
3436,162.84167685173452,135,vehicle.lincoln.mkz_2017,0,static.unknown,0.0
3437,162.89167685247958,135,vehicle.lincoln.mkz_2017,0,static.unknown,0.0
3438,162.94167685322464,135,vehicle.lincoln.mkz_2017,0,static.unknown,0.0
3439,162.9916768539697,135,vehicle.lincoln.mkz_2017,0,static.unknown,0.0
3440,163.04167685471475,135,vehicle.lincoln.mkz_2017,0,static.unknown,0.0
3441,163.0916768554598,135,vehicle.lincoln.mkz_2017,0,static.unknown,0.0
3442,163.14167685620487,135,vehicle.lincoln.mkz_2017,0,static.unknown,0.0
3443,163.19167685694993,135,vehicle.lincoln.mkz_2017,0,static.unknown,0.0
3444,163.24167685769498,135,vehicle.lincoln.mkz_2017,0,static.unknown,0.0
3445,163.29167685844004,135,vehicle.lincoln.mkz_2017,0,static.unknown,0.0
3446,163.3416768591851,135,vehicle.lincoln.mkz_2017,0,static.unknown,0.0
3447,163.39167685993016,135,vehicle.lincoln.mkz_2017,0,static.unknown,0.0
3448,163.44167686067522,135,vehicle.lincoln.mkz_2017,0,static.unknown,0.0
3449,163.49167686142027,135,vehicle.lincoln.mkz_2017,0,static.unknown,0.0
3450,163.54167686216533,135,vehicle.lincoln.mkz_2017,0,static.unknown,0.0
3451,163.5916768629104,135,vehicle.lincoln.mkz_2017,0,static.unknown,0.0
3452,163.64167686365545,135,vehicle.lincoln.mkz_2017,0,static.unknown,0.0
3453,163.6916768644005,135,vehicle.lincoln.mkz_2017,0,static.unknown,0.0
3454,163.74167686514556,135,vehicle.lincoln.mkz_2017,0,static.unknown,0.0
3455,163.79167686589062,135,vehicle.lincoln.mkz_2017,0,static.unknown,0.0
3456,163.84167686663568,135,vehicle.lincoln.mkz_2017,0,static.unknown,0.0
3457,163.89167686738074,135,vehicle.lincoln.mkz_2017,0,static.unknown,0.0
3458,163.9416768681258,135,vehicle.lincoln.mkz_2017,0,static.unknown,0.0
3459,163.99167686887085,135,vehicle.lincoln.mkz_2017,0,static.unknown,0.0
3460,164.0416768696159,135,vehicle.lincoln.mkz_2017,0,static.unknown,0.0
3461,164.09167687036097,135,vehicle.lincoln.mkz_2017,0,static.unknown,0.0
3462,164.14167687110603,135,vehicle.lincoln.mkz_2017,0,static.unknown,0.0
3463,164.1916768718511,135,vehicle.lincoln.mkz_2017,0,static.unknown,0.0
3464,164.24167687259614,135,vehicle.lincoln.mkz_2017,0,static.unknown,0.0
3465,164.2916768733412,135,vehicle.lincoln.mkz_2017,0,static.unknown,0.0
3466,164.34167687408626,135,vehicle.lincoln.mkz_2017,0,static.unknown,0.0
3467,164.39167687483132,135,vehicle.lincoln.mkz_2017,0,static.unknown,0.0
3468,164.44167687557638,135,vehicle.lincoln.mkz_2017,0,static.unknown,0.0
3469,164.49167687632143,135,vehicle.lincoln.mkz_2017,0,static.unknown,0.0
3470,164.5416768770665,135,vehicle.lincoln.mkz_2017,0,static.unknown,0.0
3471,164.59167687781155,135,vehicle.lincoln.mkz_2017,0,static.unknown,0.0
3472,164.6416768785566,135,vehicle.lincoln.mkz_2017,0,static.unknown,0.0
3473,164.69167687930167,135,vehicle.lincoln.mkz_2017,0,static.unknown,0.0
3474,164.74167688004673,135,vehicle.lincoln.mkz_2017,0,static.unknown,0.0
3475,164.79167688079178,135,vehicle.lincoln.mkz_2017,0,static.unknown,0.0
3476,164.84167688153684,135,vehicle.lincoln.mkz_2017,0,static.unknown,0.0
3477,164.8916768822819,135,vehicle.lincoln.mkz_2017,0,static.unknown,0.0
3478,164.94167688302696,135,vehicle.lincoln.mkz_2017,0,static.unknown,0.0
3479,164.99167688377202,135,vehicle.lincoln.mkz_2017,0,static.unknown,0.0
3480,165.04167688451707,135,vehicle.lincoln.mkz_2017,0,static.unknown,0.0
3481,165.09167688526213,135,vehicle.lincoln.mkz_2017,0,static.unknown,0.0
3482,165.1416768860072,135,vehicle.lincoln.mkz_2017,0,static.unknown,0.0
3483,165.19167688675225,135,vehicle.lincoln.mkz_2017,0,static.unknown,0.0
3484,165.2416768874973,135,vehicle.lincoln.mkz_2017,0,static.unknown,0.0
3485,165.29167688824236,135,vehicle.lincoln.mkz_2017,0,static.unknown,0.0
3486,165.34167688898742,135,vehicle.lincoln.mkz_2017,0,static.unknown,0.0
3487,165.39167688973248,135,vehicle.lincoln.mkz_2017,0,static.unknown,0.0
3488,165.44167689047754,135,vehicle.lincoln.mkz_2017,0,static.unknown,0.0
3489,165.4916768912226,135,vehicle.lincoln.mkz_2017,0,static.unknown,0.0
3490,165.54167689196765,135,vehicle.lincoln.mkz_2017,0,static.unknown,0.0
3491,165.5916768927127,135,vehicle.lincoln.mkz_2017,0,static.unknown,0.0
3492,165.64167689345777,135,vehicle.lincoln.mkz_2017,0,static.unknown,0.0
3493,165.69167689420283,135,vehicle.lincoln.mkz_2017,0,static.unknown,0.0
3494,165.7416768949479,135,vehicle.lincoln.mkz_2017,0,static.unknown,0.0
3495,165.79167689569294,135,vehicle.lincoln.mkz_2017,0,static.unknown,0.0
3496,165.841676896438,135,vehicle.lincoln.mkz_2017,0,static.unknown,0.0
3497,165.89167689718306,135,vehicle.lincoln.mkz_2017,0,static.unknown,0.0
3498,165.94167689792812,135,vehicle.lincoln.mkz_2017,0,static.unknown,0.0
3499,165.99167689867318,135,vehicle.lincoln.mkz_2017,0,static.unknown,0.0
3500,166.04167689941823,135,vehicle.lincoln.mkz_2017,0,static.unknown,0.0
3501,166.0916769001633,135,vehicle.lincoln.mkz_2017,0,static.unknown,0.0
3502,166.14167690090835,135,vehicle.lincoln.mkz_2017,0,static.unknown,0.0
3503,166.1916769016534,135,vehicle.lincoln.mkz_2017,0,static.unknown,0.0
3504,166.24167690239847,135,vehicle.lincoln.mkz_2017,0,static.unknown,0.0
3505,166.29167690314353,135,vehicle.lincoln.mkz_2017,0,static.unknown,0.0
3506,166.34167690388858,135,vehicle.lincoln.mkz_2017,0,static.unknown,0.0
3507,166.39167690463364,135,vehicle.lincoln.mkz_2017,0,static.unknown,0.0
3508,166.4416769053787,135,vehicle.lincoln.mkz_2017,0,static.unknown,0.0
3509,166.49167690612376,135,vehicle.lincoln.mkz_2017,0,static.unknown,0.0
3510,166.54167690686882,135,vehicle.lincoln.mkz_2017,0,static.unknown,0.0
3511,166.59167690761387,135,vehicle.lincoln.mkz_2017,0,static.unknown,0.0
3512,166.64167690835893,135,vehicle.lincoln.mkz_2017,0,static.unknown,0.0
3513,166.691676909104,135,vehicle.lincoln.mkz_2017,0,static.unknown,0.0
3514,166.74167690984905,135,vehicle.lincoln.mkz_2017,0,static.unknown,0.0
3515,166.7916769105941,135,vehicle.lincoln.mkz_2017,0,static.unknown,0.0
3516,166.84167691133916,135,vehicle.lincoln.mkz_2017,0,static.unknown,0.0
3517,166.89167691208422,135,vehicle.lincoln.mkz_2017,0,static.unknown,0.0
3518,166.94167691282928,135,vehicle.lincoln.mkz_2017,0,static.unknown,0.0
3519,166.99167691357434,135,vehicle.lincoln.mkz_2017,0,static.unknown,0.0
3520,167.0416769143194,135,vehicle.lincoln.mkz_2017,0,static.unknown,0.0
3521,167.09167691506445,135,vehicle.lincoln.mkz_2017,0,static.unknown,0.0
3522,167.1416769158095,135,vehicle.lincoln.mkz_2017,0,static.unknown,0.0
3523,167.19167691655457,135,vehicle.lincoln.mkz_2017,0,static.unknown,0.0
3524,167.24167691729963,135,vehicle.lincoln.mkz_2017,0,static.static,0.0
3525,167.2916769180447,135,vehicle.lincoln.mkz_2017,0,static.unknown,0.0
3526,167.34167691878974,135,vehicle.lincoln.mkz_2017,0,static.unknown,0.0
3527,167.3916769195348,135,vehicle.lincoln.mkz_2017,0,static.unknown,0.0
3528,167.44167692027986,135,vehicle.lincoln.mkz_2017,0,static.unknown,0.0
3529,167.49167692102492,135,vehicle.lincoln.mkz_2017,0,static.unknown,0.0
3530,167.54167692176998,135,vehicle.lincoln.mkz_2017,0,static.unknown,0.0
3531,167.59167692251503,135,vehicle.lincoln.mkz_2017,0,static.unknown,0.0
3532,167.6416769232601,135,vehicle.lincoln.mkz_2017,0,static.unknown,0.0
3533,167.69167692400515,135,vehicle.lincoln.mkz_2017,0,static.unknown,0.0
3534,167.7416769247502,135,vehicle.lincoln.mkz_2017,0,static.unknown,0.0
3535,167.79167692549527,135,vehicle.lincoln.mkz_2017,0,static.unknown,0.0
3536,167.84167692624032,135,vehicle.lincoln.mkz_2017,0,static.unknown,0.0
3537,167.89167692698538,135,vehicle.lincoln.mkz_2017,0,static.unknown,0.0
3538,167.94167692773044,135,vehicle.lincoln.mkz_2017,0,static.unknown,0.0
3539,167.9916769284755,135,vehicle.lincoln.mkz_2017,0,static.unknown,0.0
3540,168.04167692922056,135,vehicle.lincoln.mkz_2017,0,static.unknown,0.0
3541,168.09167692996562,135,vehicle.lincoln.mkz_2017,0,static.unknown,0.0
3542,168.14167693071067,135,vehicle.lincoln.mkz_2017,0,static.unknown,0.0
3543,168.19167693145573,135,vehicle.lincoln.mkz_2017,0,static.unknown,0.0
3544,168.2416769322008,135,vehicle.lincoln.mkz_2017,0,static.unknown,0.0
3545,168.29167693294585,135,vehicle.lincoln.mkz_2017,0,static.unknown,0.0
3546,168.3416769336909,135,vehicle.lincoln.mkz_2017,0,static.unknown,0.0
3547,168.39167693443596,135,vehicle.lincoln.mkz_2017,0,static.unknown,0.0
3548,168.44167693518102,135,vehicle.lincoln.mkz_2017,0,static.unknown,0.0
3549,168.49167693592608,135,vehicle.lincoln.mkz_2017,0,static.unknown,0.0
3550,168.54167693667114,135,vehicle.lincoln.mkz_2017,0,static.unknown,0.0
3551,168.5916769374162,135,vehicle.lincoln.mkz_2017,0,static.unknown,0.0
3552,168.64167693816125,135,vehicle.lincoln.mkz_2017,0,static.unknown,0.0
3553,168.6916769389063,135,vehicle.lincoln.mkz_2017,0,static.unknown,0.0
3554,168.74167693965137,135,vehicle.lincoln.mkz_2017,0,static.unknown,0.0
3555,168.79167694039643,135,vehicle.lincoln.mkz_2017,0,static.unknown,0.0
3556,168.8416769411415,135,vehicle.lincoln.mkz_2017,0,static.unknown,0.0
3557,168.89167694188654,135,vehicle.lincoln.mkz_2017,0,static.unknown,0.0
3558,168.9416769426316,135,vehicle.lincoln.mkz_2017,0,static.unknown,0.0
3559,168.99167694337666,135,vehicle.lincoln.mkz_2017,0,static.unknown,0.0
3560,169.04167694412172,135,vehicle.lincoln.mkz_2017,0,static.unknown,0.0
3561,169.09167694486678,135,vehicle.lincoln.mkz_2017,0,static.unknown,0.0
3562,169.14167694561183,135,vehicle.lincoln.mkz_2017,0,static.unknown,0.0
3563,169.1916769463569,135,vehicle.lincoln.mkz_2017,0,static.unknown,0.0
3564,169.24167694710195,135,vehicle.lincoln.mkz_2017,0,static.unknown,0.0
3565,169.291676947847,135,vehicle.lincoln.mkz_2017,0,static.unknown,0.0
3566,169.34167694859207,135,vehicle.lincoln.mkz_2017,0,static.unknown,0.0
